file	line	selector	callKey	property	value	code	classification	registryId	contract	owner
server/public/css/arcade.css	27	.arcade-tile		min-height	var(--row-min-h)	css-ownership	component-owner	arcade-tile	components/controls.md#strukturziele-mit-44-px	public/css/arcade.css
server/public/css/arcade.css	28	.arcade-tile		padding	var(--space-3)	css-ownership	component-owner	arcade-tile	components/controls.md#strukturziele-mit-44-px	public/css/arcade.css
server/public/css/arcade.css	83	.battleship-cell.battleship-ship-segment.is-ship-horizontal.has-next-segment::before		width	var(--space-1)	css-ownership	component-owner	battleship-ship-display	components/controls.md#strukturziele-mit-44-px	public/css/arcade.css
server/public/css/arcade.css	89	.battleship-cell.battleship-ship-segment.is-ship-vertical.has-next-segment::before		height	var(--space-1)	css-ownership	component-owner	battleship-ship-display	components/controls.md#strukturziele-mit-44-px	public/css/arcade.css
server/public/css/arcade.css	104	.battleship-cell.battleship-ship-segment::after		font-size	var(--font-size-sm)	css-ownership	component-owner	battleship-ship-display	components/controls.md#strukturziele-mit-44-px	public/css/arcade.css
server/public/css/arcade.css	106	.battleship-cell.battleship-ship-segment::after		line-height	var(--line-height-tight)	css-ownership	component-owner	battleship-ship-display	components/controls.md#strukturziele-mit-44-px	public/css/arcade.css
server/public/css/arcade.css	113	.battleship-cell.battleship-ship-segment:is(.is-hit, .is-sunk)::after		font-size	var(--font-size-2xs)	css-ownership	component-owner	battleship-ship-display	components/controls.md#strukturziele-mit-44-px	public/css/arcade.css
server/public/css/arcade.css	121	.challenge-rush-circle		border-radius	var(--radius-full)	css-ownership	component-owner	challenge-targets	components/controls.md#strukturziele-mit-44-px	public/css/arcade.css
server/public/css/arcade.css	121	.challenge-rush-circle		box-shadow	var(--shadow-glow-accent)	css-ownership	component-owner	challenge-targets	components/controls.md#strukturziele-mit-44-px	public/css/arcade.css
server/public/css/arcade.css	121	.challenge-rush-circle		height	var(--space-8)	css-ownership	component-owner	challenge-targets	components/controls.md#strukturziele-mit-44-px	public/css/arcade.css
server/public/css/arcade.css	121	.challenge-rush-circle		width	var(--space-8)	css-ownership	component-owner	challenge-targets	components/controls.md#strukturziele-mit-44-px	public/css/arcade.css
server/public/css/arcade.css	122	.challenge-rush-big-button		border-radius	var(--radius)	css-ownership	component-owner	challenge-targets	components/controls.md#strukturziele-mit-44-px	public/css/arcade.css
server/public/css/arcade.css	122	.challenge-rush-big-button		font-size	var(--font-size-xl)	css-ownership	component-owner	challenge-targets	components/controls.md#strukturziele-mit-44-px	public/css/arcade.css
server/public/css/arcade.css	122	.challenge-rush-big-button		min-height	var(--challenge-rush-button-min-height)	css-ownership	component-owner	challenge-targets	components/controls.md#strukturziele-mit-44-px	public/css/arcade.css
server/public/css/arcade.css	122	.challenge-rush-big-button		min-width	var(--challenge-rush-button-min-width)	css-ownership	component-owner	challenge-targets	components/controls.md#strukturziele-mit-44-px	public/css/arcade.css
server/public/css/arcade.css	131	.challenge-rush-memory-cell		font-size	var(--font-size-lg)	css-ownership	component-owner	challenge-targets	components/controls.md#strukturziele-mit-44-px	public/css/arcade.css
server/public/css/arcade.css	131	.challenge-rush-memory-cell		min-height	var(--tap-target-size)	css-ownership	component-owner	challenge-targets	components/controls.md#strukturziele-mit-44-px	public/css/arcade.css
server/public/css/arcade.css	131	.challenge-rush-memory-cell		min-width	var(--tap-target-size)	css-ownership	component-owner	challenge-targets	components/controls.md#strukturziele-mit-44-px	public/css/arcade.css
server/public/css/arcade.css	131	.challenge-rush-memory-cell		padding	var(--space-2)	css-ownership	component-owner	challenge-targets	components/controls.md#strukturziele-mit-44-px	public/css/arcade.css
server/public/css/arcade.css	134	.challenge-rush-choice		min-height	var(--space-8)	css-ownership	component-owner	challenge-targets	components/controls.md#strukturziele-mit-44-px	public/css/arcade.css
server/public/css/arcade.css	170	.arcade-lobby-create-actions .btn		width	100%	css-ownership	permanent-variant	arcade-create-width	components/controls.md#11-permanente-varianten-und-befristete-ausnahmen	public/css/arcade.css
server/public/css/arcade.css	215	.arcade-lobby-create-row		min-height	var(--control-height)	css-ownership	component-owner	arcade-segment	components/controls.md#zusatzklassen-und-zusammengesetzte-controls	public/css/arcade.css
server/public/css/arcade.css	244	.arcade-mode-toggle		width	100%	css-ownership	component-owner	arcade-segment	components/controls.md#zusatzklassen-und-zusammengesetzte-controls	public/css/arcade.css
server/public/css/arcade.css	245	.arcade-mode-toggle		min-width	0	css-ownership	component-owner	arcade-segment	components/controls.md#zusatzklassen-und-zusammengesetzte-controls	public/css/arcade.css
server/public/css/arcade.css	246	.arcade-mode-toggle		min-height	var(--control-height)	css-ownership	component-owner	arcade-segment	components/controls.md#zusatzklassen-und-zusammengesetzte-controls	public/css/arcade.css
server/public/css/arcade.css	247	.arcade-mode-toggle		padding	0	css-ownership	component-owner	arcade-segment	components/controls.md#zusatzklassen-und-zusammengesetzte-controls	public/css/arcade.css
server/public/css/arcade.css	249	.arcade-mode-toggle		border-radius	var(--radius-full)	css-ownership	component-owner	arcade-segment	components/controls.md#zusatzklassen-und-zusammengesetzte-controls	public/css/arcade.css
server/public/css/arcade.css	251	.arcade-mode-toggle		box-shadow	inset 0 0 0 1px var(--border)	css-ownership	component-owner	arcade-segment	components/controls.md#zusatzklassen-und-zusammengesetzte-controls	public/css/arcade.css
server/public/css/arcade.css	255	.arcade-mode-toggle-btn		min-width	0	css-ownership	component-owner	arcade-segment	components/controls.md#zusatzklassen-und-zusammengesetzte-controls	public/css/arcade.css
server/public/css/arcade.css	256	.arcade-mode-toggle-btn		min-height	var(--control-height)	css-ownership	component-owner	arcade-segment	components/controls.md#zusatzklassen-und-zusammengesetzte-controls	public/css/arcade.css
server/public/css/arcade.css	258	.arcade-mode-toggle-btn		border-radius	var(--radius-full)	css-ownership	component-owner	arcade-segment	components/controls.md#zusatzklassen-und-zusammengesetzte-controls	public/css/arcade.css
server/public/css/arcade.css	259	.arcade-mode-toggle-btn		padding-block	0	css-ownership	component-owner	arcade-segment	components/controls.md#zusatzklassen-und-zusammengesetzte-controls	public/css/arcade.css
server/public/css/arcade.css	260	.arcade-mode-toggle-btn		padding-inline	var(--space-2)	css-ownership	component-owner	arcade-segment	components/controls.md#zusatzklassen-und-zusammengesetzte-controls	public/css/arcade.css
server/public/css/arcade.css	261	.arcade-mode-toggle-btn		font-size	var(--font-size-xs)	css-ownership	component-owner	arcade-segment	components/controls.md#zusatzklassen-und-zusammengesetzte-controls	public/css/arcade.css
server/public/css/arcade.css	263	.arcade-mode-toggle-btn		line-height	var(--control-line-height)	css-ownership	component-owner	arcade-segment	components/controls.md#zusatzklassen-und-zusammengesetzte-controls	public/css/arcade.css
server/public/css/arcade.css	268	.arcade-mode-toggle-btn		white-space	nowrap	css-ownership	component-owner	arcade-segment	components/controls.md#zusatzklassen-und-zusammengesetzte-controls	public/css/arcade.css
server/public/css/arcade.css	286	.arcade-lobby-create-row > .btn		width	100%	css-ownership	permanent-variant	arcade-create-width	components/controls.md#11-permanente-varianten-und-befristete-ausnahmen	public/css/arcade.css
server/public/css/arcade.css	287	.arcade-lobby-create-row > .btn		min-width	0	css-ownership	permanent-variant	arcade-create-width	components/controls.md#11-permanente-varianten-und-befristete-ausnahmen	public/css/arcade.css
server/public/css/arcade.css	310	.arcade-lobby-create-row > .arcade-mode-toggle		width	100%	css-ownership	permanent-variant	arcade-create-width	components/controls.md#11-permanente-varianten-und-befristete-ausnahmen	public/css/arcade.css
server/public/css/arcade.css	310	.arcade-lobby-create-row > .btn		width	100%	css-ownership	permanent-variant	arcade-create-width	components/controls.md#11-permanente-varianten-und-befristete-ausnahmen	public/css/arcade.css
server/public/css/arcade.css	331	.arcade-mode-toggle		width	var(--arcade-lobby-mode-toggle-width)	css-ownership	component-owner	arcade-segment	components/controls.md#zusatzklassen-und-zusammengesetzte-controls	public/css/arcade.css
server/public/css/arcade.css	335	.arcade-mode-toggle-btn		padding-inline	var(--space-3)	css-ownership	component-owner	arcade-segment	components/controls.md#zusatzklassen-und-zusammengesetzte-controls	public/css/arcade.css
server/public/css/arcade.css	338	.arcade-lobby-create-row > .btn		width	auto	css-ownership	permanent-variant	arcade-create-width	components/controls.md#11-permanente-varianten-und-befristete-ausnahmen	public/css/arcade.css
server/public/css/arcade.css	340	.arcade-lobby-create-row > .btn		min-width	var(--arcade-lobby-mode-width)	css-ownership	permanent-variant	arcade-create-width	components/controls.md#11-permanente-varianten-und-befristete-ausnahmen	public/css/arcade.css
server/public/css/arcade.css	398	.arcade-lobby-free-row .btn		width	100%	css-ownership	permanent-variant	arcade-free-slot-width	components/controls.md#11-permanente-varianten-und-befristete-ausnahmen	public/css/arcade.css
server/public/css/arcade.css	432	.arcade-lobby-setting-options .check-row		padding	var(--space-2) var(--space-3)	css-ownership	permanent-variant	arcade-setting-row	components/controls.md#11-permanente-varianten-und-befristete-ausnahmen	public/css/arcade.css
server/public/css/arcade.css	448	.arcade-lobby-entry-actions > .btn		min-width	0	css-ownership	permanent-variant	arcade-entry-width	components/controls.md#11-permanente-varianten-und-befristete-ausnahmen	public/css/arcade.css
server/public/css/arcade.css	506	.scribble-swatch		width	26px	css-ownership	component-owner	scribble-tools	components/controls.md#zusatzklassen-und-zusammengesetzte-controls	public/css/arcade.css
server/public/css/arcade.css	507	.scribble-swatch		height	26px	css-ownership	component-owner	scribble-tools	components/controls.md#zusatzklassen-und-zusammengesetzte-controls	public/css/arcade.css
server/public/css/arcade.css	508	.scribble-swatch		border-radius	50%	css-ownership	component-owner	scribble-tools	components/controls.md#zusatzklassen-und-zusammengesetzte-controls	public/css/arcade.css
server/public/css/arcade.css	510	.scribble-swatch		box-shadow	inset 0 0 0 1px rgba(0, 0, 0, 0.25)	css-ownership	component-owner	scribble-tools	components/controls.md#zusatzklassen-und-zusammengesetzte-controls	public/css/arcade.css
server/public/css/arcade.css	512	.scribble-swatch		padding	0	css-ownership	component-owner	scribble-tools	components/controls.md#zusatzklassen-und-zusammengesetzte-controls	public/css/arcade.css
server/public/css/arcade.css	519	.scribble-size-btn		width	30px	css-ownership	component-owner	scribble-tools	components/controls.md#zusatzklassen-und-zusammengesetzte-controls	public/css/arcade.css
server/public/css/arcade.css	520	.scribble-size-btn		height	30px	css-ownership	component-owner	scribble-tools	components/controls.md#zusatzklassen-und-zusammengesetzte-controls	public/css/arcade.css
server/public/css/arcade.css	521	.scribble-size-btn		border-radius	50%	css-ownership	component-owner	scribble-tools	components/controls.md#zusatzklassen-und-zusammengesetzte-controls	public/css/arcade.css
server/public/css/arcade.css	551	.scribble-word-choice-btn		font-size	var(--font-size-lg)	css-ownership	component-owner	scribble-word-choice	components/controls.md#strukturziele-mit-44-px	public/css/arcade.css
server/public/css/arcade.css	553	.scribble-word-choice-btn		padding	var(--space-3)	css-ownership	component-owner	scribble-word-choice	components/controls.md#strukturziele-mit-44-px	public/css/arcade.css
server/public/css/arcade.css	832	.arcade-toolbar .btn		min-height	var(--control-height)	css-ownership	permanent-variant	arcade-toolbar-buttons	components/controls.md#11-permanente-varianten-und-befristete-ausnahmen	public/css/arcade.css
server/public/css/arcade.css	838	.arcade-mute-btn		width	var(--tap-target-size)	css-ownership	component-owner	arcade-mute	components/controls.md#tokens-und-einzeilige-controls	public/css/arcade.css
server/public/css/arcade.css	839	.arcade-mute-btn		min-height	var(--control-height)	css-ownership	component-owner	arcade-mute	components/controls.md#tokens-und-einzeilige-controls	public/css/arcade.css
server/public/css/arcade.css	840	.arcade-mute-btn		padding	0	css-ownership	component-owner	arcade-mute	components/controls.md#tokens-und-einzeilige-controls	public/css/arcade.css
server/public/css/arcade.css	1064	.arcade-player-tile.is-winner		box-shadow	0 0 0 1px rgba(145, 99, 245, 0.22), 0 0 28px rgba(145, 99, 245, 0.24)	css-ownership	component-owner	arcade-player-surface	components/controls.md#11-permanente-varianten-und-befristete-ausnahmen	public/css/arcade.css
server/public/css/domains.css	132	.event-calendar-action-buttons .btn		min-width	0	css-ownership	permanent-variant	event-calendar-actions	components/controls.md#11-permanente-varianten-und-befristete-ausnahmen	public/css/domains.css
server/public/css/domains.css	133	.event-calendar-action-buttons .btn		white-space	normal	css-ownership	permanent-variant	event-calendar-actions	components/controls.md#11-permanente-varianten-und-befristete-ausnahmen	public/css/domains.css
server/public/css/domains.css	178	.event-excuse-actions .btn		min-width	0	css-ownership	permanent-variant	event-excuse-actions	components/controls.md#11-permanente-varianten-und-befristete-ausnahmen	public/css/domains.css
server/public/css/domains.css	179	.event-excuse-actions .btn		white-space	normal	css-ownership	permanent-variant	event-excuse-actions	components/controls.md#11-permanente-varianten-und-befristete-ausnahmen	public/css/domains.css
server/public/css/domains.css	291	.payment-paypal-button		width	var(--space-7)	css-ownership	component-owner	payment-controls	components/controls.md#tokens-und-einzeilige-controls	public/css/domains.css
server/public/css/domains.css	292	.payment-paypal-button		height	var(--space-7)	css-ownership	component-owner	payment-controls	components/controls.md#tokens-und-einzeilige-controls	public/css/domains.css
server/public/css/domains.css	293	.payment-paypal-button		padding	var(--space-1)	css-ownership	component-owner	payment-controls	components/controls.md#tokens-und-einzeilige-controls	public/css/domains.css
server/public/css/domains.css	302	.event-participant-toggle		min-width	0	css-ownership	component-owner	food-disclosure	components/controls.md#zusatzklassen-und-zusammengesetzte-controls	public/css/domains.css
server/public/css/domains.css	350	.event-card-actions .btn		min-width	0	css-ownership	permanent-variant	event-card-action-width	components/controls.md#11-permanente-varianten-und-befristete-ausnahmen	public/css/domains.css
server/public/css/domains.css	392	.player-card		padding	var(--space-4)	css-ownership	component-owner	player-card	components/controls.md#strukturziele-mit-44-px	public/css/domains.css
server/public/css/domains.css	399	button.player-card		width	100%	css-ownership	component-owner	player-card	components/controls.md#strukturziele-mit-44-px	public/css/domains.css
server/public/css/domains.css	401	button.player-card		font-size	var(--font-size-md)	css-ownership	component-owner	player-card	components/controls.md#strukturziele-mit-44-px	public/css/domains.css
server/public/css/domains.css	430	input[type='range']		width	100%	css-ownership	component-owner	native-range	components/controls.md#11-permanente-varianten-und-befristete-ausnahmen	public/css/domains.css
server/public/css/domains.css	449	.skill-row-slider		height	6px	css-ownership	component-owner	rating-slider	components/controls.md#zusatzklassen-und-zusammengesetzte-controls	public/css/domains.css
server/public/css/domains.css	450	.skill-row-slider		border-radius	var(--radius-full)	css-ownership	component-owner	rating-slider	components/controls.md#zusatzklassen-und-zusammengesetzte-controls	public/css/domains.css
server/public/css/domains.css	455	.skill-row-slider::-webkit-slider-thumb		width	20px	css-ownership	component-owner	rating-slider	components/controls.md#zusatzklassen-und-zusammengesetzte-controls	public/css/domains.css
server/public/css/domains.css	456	.skill-row-slider::-webkit-slider-thumb		height	20px	css-ownership	component-owner	rating-slider	components/controls.md#zusatzklassen-und-zusammengesetzte-controls	public/css/domains.css
server/public/css/domains.css	457	.skill-row-slider::-webkit-slider-thumb		border-radius	50%	css-ownership	component-owner	rating-slider	components/controls.md#zusatzklassen-und-zusammengesetzte-controls	public/css/domains.css
server/public/css/domains.css	460	.skill-row-slider::-webkit-slider-thumb		box-shadow	0 1px 3px rgba(0, 0, 0, 0.5)	css-ownership	component-owner	rating-slider	components/controls.md#zusatzklassen-und-zusammengesetzte-controls	public/css/domains.css
server/public/css/domains.css	464	.skill-row-slider::-moz-range-thumb		width	16px	css-ownership	component-owner	rating-slider	components/controls.md#zusatzklassen-und-zusammengesetzte-controls	public/css/domains.css
server/public/css/domains.css	465	.skill-row-slider::-moz-range-thumb		height	16px	css-ownership	component-owner	rating-slider	components/controls.md#zusatzklassen-und-zusammengesetzte-controls	public/css/domains.css
server/public/css/domains.css	466	.skill-row-slider::-moz-range-thumb		border-radius	50%	css-ownership	component-owner	rating-slider	components/controls.md#zusatzklassen-und-zusammengesetzte-controls	public/css/domains.css
server/public/css/domains.css	469	.skill-row-slider::-moz-range-thumb		box-shadow	0 1px 3px rgba(0, 0, 0, 0.5)	css-ownership	component-owner	rating-slider	components/controls.md#zusatzklassen-und-zusammengesetzte-controls	public/css/domains.css
server/public/css/domains.css	517	.tournament-team-skill-header input		width	auto	css-ownership	permanent-variant	tournament-skill-field	components/controls.md#11-permanente-varianten-und-befristete-ausnahmen	public/css/domains.css
server/public/css/domains.css	519	.tournament-team-skill-header input		min-width	0	css-ownership	permanent-variant	tournament-skill-field	components/controls.md#11-permanente-varianten-und-befristete-ausnahmen	public/css/domains.css
server/public/css/domains.css	530	.team-player		padding	var(--space-1) 0	css-ownership	component-owner	player-card	components/controls.md#strukturziele-mit-44-px	public/css/domains.css
server/public/css/domains.css	531	.team-player		min-width	0	css-ownership	component-owner	player-card	components/controls.md#strukturziele-mit-44-px	public/css/domains.css
server/public/css/domains.css	672	.bracket-team-row		min-height	0	css-ownership	component-owner	bracket-row	components/controls.md#zusatzklassen-und-zusammengesetzte-controls	public/css/domains.css
server/public/css/domains.css	676	.bracket-team-row		padding	0 var(--space-2)	css-ownership	component-owner	bracket-row	components/controls.md#zusatzklassen-und-zusammengesetzte-controls	public/css/domains.css
server/public/css/domains.css	680	.bracket-team-row		font-size	var(--font-size-sm)	css-ownership	component-owner	bracket-row	components/controls.md#zusatzklassen-und-zusammengesetzte-controls	public/css/domains.css
server/public/css/domains.css	683	.bracket-team-row		width	100%	css-ownership	component-owner	bracket-row	components/controls.md#zusatzklassen-und-zusammengesetzte-controls	public/css/domains.css
server/public/css/domains.css	687	.bracket-team-row:first-child		border-radius	var(--radius) var(--radius) 0 0	css-ownership	component-owner	bracket-row	components/controls.md#zusatzklassen-und-zusammengesetzte-controls	public/css/domains.css
server/public/css/domains.css	690	.bracket-team-row:last-child		border-radius	0 0 var(--radius) var(--radius)	css-ownership	component-owner	bracket-row	components/controls.md#zusatzklassen-und-zusammengesetzte-controls	public/css/domains.css
server/public/css/domains.css	693	.bracket-match.has-result-action .bracket-team-row		padding-right	calc(var(--space-7) + var(--space-3))	css-ownership	permanent-variant	bracket-action-gutter	components/controls.md#11-permanente-varianten-und-befristete-ausnahmen	public/css/domains.css
server/public/css/domains.css	732	input[type='number'].bracket-score-input		width	calc(var(--space-7) + var(--space-7))	css-ownership	component-owner	result-fields	components/controls.md#tokens-und-einzeilige-controls	public/css/domains.css
server/public/css/domains.css	732	input[type='number'].tournament-score-input		width	calc(var(--space-7) + var(--space-7))	css-ownership	component-owner	result-fields	components/controls.md#tokens-und-einzeilige-controls	public/css/domains.css
server/public/css/domains.css	733	input[type='number'].bracket-score-input		height	var(--space-7)	css-ownership	component-owner	result-fields	components/controls.md#tokens-und-einzeilige-controls	public/css/domains.css
server/public/css/domains.css	733	input[type='number'].tournament-score-input		height	var(--space-7)	css-ownership	component-owner	result-fields	components/controls.md#tokens-und-einzeilige-controls	public/css/domains.css
server/public/css/domains.css	735	input[type='number'].bracket-score-input		padding	0 var(--space-7) 0 var(--space-2)	css-ownership	component-owner	result-fields	components/controls.md#tokens-und-einzeilige-controls	public/css/domains.css
server/public/css/domains.css	735	input[type='number'].tournament-score-input		padding	0 var(--space-7) 0 var(--space-2)	css-ownership	component-owner	result-fields	components/controls.md#tokens-und-einzeilige-controls	public/css/domains.css
server/public/css/domains.css	737	input[type='number'].bracket-score-input		font-size	var(--font-size-sm)	css-ownership	component-owner	result-fields	components/controls.md#tokens-und-einzeilige-controls	public/css/domains.css
server/public/css/domains.css	737	input[type='number'].tournament-score-input		font-size	var(--font-size-sm)	css-ownership	component-owner	result-fields	components/controls.md#tokens-und-einzeilige-controls	public/css/domains.css
server/public/css/domains.css	743	.bracket-result-edit		width	var(--space-7)	css-ownership	component-owner	result-actions	components/controls.md#zusatzklassen-und-zusammengesetzte-controls	public/css/domains.css
server/public/css/domains.css	743	.bracket-score-submit		width	var(--space-7)	css-ownership	component-owner	result-actions	components/controls.md#zusatzklassen-und-zusammengesetzte-controls	public/css/domains.css
server/public/css/domains.css	743	.tournament-result-edit		width	var(--space-7)	css-ownership	component-owner	result-actions	components/controls.md#zusatzklassen-und-zusammengesetzte-controls	public/css/domains.css
server/public/css/domains.css	743	.tournament-score-submit		width	var(--space-7)	css-ownership	component-owner	result-actions	components/controls.md#zusatzklassen-und-zusammengesetzte-controls	public/css/domains.css
server/public/css/domains.css	744	.bracket-result-edit		height	var(--space-7)	css-ownership	component-owner	result-actions	components/controls.md#zusatzklassen-und-zusammengesetzte-controls	public/css/domains.css
server/public/css/domains.css	744	.bracket-score-submit		height	var(--space-7)	css-ownership	component-owner	result-actions	components/controls.md#zusatzklassen-und-zusammengesetzte-controls	public/css/domains.css
server/public/css/domains.css	744	.tournament-result-edit		height	var(--space-7)	css-ownership	component-owner	result-actions	components/controls.md#zusatzklassen-und-zusammengesetzte-controls	public/css/domains.css
server/public/css/domains.css	744	.tournament-score-submit		height	var(--space-7)	css-ownership	component-owner	result-actions	components/controls.md#zusatzklassen-und-zusammengesetzte-controls	public/css/domains.css
server/public/css/domains.css	746	.bracket-result-edit		padding	0	css-ownership	component-owner	result-actions	components/controls.md#zusatzklassen-und-zusammengesetzte-controls	public/css/domains.css
server/public/css/domains.css	746	.bracket-score-submit		padding	0	css-ownership	component-owner	result-actions	components/controls.md#zusatzklassen-und-zusammengesetzte-controls	public/css/domains.css
server/public/css/domains.css	746	.tournament-result-edit		padding	0	css-ownership	component-owner	result-actions	components/controls.md#zusatzklassen-und-zusammengesetzte-controls	public/css/domains.css
server/public/css/domains.css	746	.tournament-score-submit		padding	0	css-ownership	component-owner	result-actions	components/controls.md#zusatzklassen-und-zusammengesetzte-controls	public/css/domains.css
server/public/css/domains.css	747	.bracket-result-edit		border-radius	var(--radius-sm)	css-ownership	component-owner	result-actions	components/controls.md#zusatzklassen-und-zusammengesetzte-controls	public/css/domains.css
server/public/css/domains.css	747	.bracket-score-submit		border-radius	var(--radius-sm)	css-ownership	component-owner	result-actions	components/controls.md#zusatzklassen-und-zusammengesetzte-controls	public/css/domains.css
server/public/css/domains.css	747	.tournament-result-edit		border-radius	var(--radius-sm)	css-ownership	component-owner	result-actions	components/controls.md#zusatzklassen-und-zusammengesetzte-controls	public/css/domains.css
server/public/css/domains.css	747	.tournament-score-submit		border-radius	var(--radius-sm)	css-ownership	component-owner	result-actions	components/controls.md#zusatzklassen-und-zusammengesetzte-controls	public/css/domains.css
server/public/css/domains.css	764	.check-row		padding	var(--space-3) var(--space-1)	css-ownership	component-owner	player-card	components/controls.md#strukturziele-mit-44-px	public/css/domains.css
server/public/css/domains.css	774	.check-row input[type='checkbox']		width	20px	css-ownership	permanent-variant	checkbox-in-row	components/controls.md#11-permanente-varianten-und-befristete-ausnahmen	public/css/domains.css
server/public/css/domains.css	775	.check-row input[type='checkbox']		height	20px	css-ownership	permanent-variant	checkbox-in-row	components/controls.md#11-permanente-varianten-und-befristete-ausnahmen	public/css/domains.css
server/public/css/domains.css	794	.vote-game-grid .check-row		min-width	0	css-ownership	permanent-variant	vote-selection-row	components/controls.md#11-permanente-varianten-und-befristete-ausnahmen	public/css/domains.css
server/public/css/domains.css	795	.vote-game-grid .check-row		padding	var(--space-3)	css-ownership	permanent-variant	vote-selection-row	components/controls.md#11-permanente-varianten-und-befristete-ausnahmen	public/css/domains.css
server/public/css/domains.css	797	.vote-game-grid .check-row		border-radius	var(--radius-sm)	css-ownership	permanent-variant	vote-selection-row	components/controls.md#11-permanente-varianten-und-befristete-ausnahmen	public/css/domains.css
server/public/css/domains.css	883	.vote-info-input		min-height	var(--control-height)	css-ownership	component-owner	vote-fields	components/controls.md#tokens-und-einzeilige-controls	public/css/domains.css
server/public/css/domains.css	992	.grouped-page-section .card		box-shadow	none	css-ownership	permanent-variant	grouped-card-surface	components/controls.md#11-permanente-varianten-und-befristete-ausnahmen	public/css/domains.css
server/public/css/domains.css	1020	.admin-test-controls .btn		min-width	0	css-ownership	permanent-variant	admin-test-fields	components/controls.md#11-permanente-varianten-und-befristete-ausnahmen	public/css/domains.css
server/public/css/domains.css	1021	.admin-test-controls .btn		padding-right	var(--space-2)	css-ownership	permanent-variant	admin-test-fields	components/controls.md#11-permanente-varianten-und-befristete-ausnahmen	public/css/domains.css
server/public/css/domains.css	1022	.admin-test-controls .btn		padding-left	var(--space-2)	css-ownership	permanent-variant	admin-test-fields	components/controls.md#11-permanente-varianten-und-befristete-ausnahmen	public/css/domains.css
server/public/css/domains.css	1023	.admin-test-controls .btn		font-size	var(--font-size-xs)	css-ownership	permanent-variant	admin-test-fields	components/controls.md#11-permanente-varianten-und-befristete-ausnahmen	public/css/domains.css
server/public/css/domains.css	1044	.admin-test-controls .btn		min-height	var(--control-height)	css-ownership	permanent-variant	admin-test-fields	components/controls.md#11-permanente-varianten-und-befristete-ausnahmen	public/css/domains.css
server/public/css/domains.css	1044	.admin-test-controls input		min-height	var(--control-height)	css-ownership	permanent-variant	admin-test-fields	components/controls.md#11-permanente-varianten-und-befristete-ausnahmen	public/css/domains.css
server/public/css/domains.css	1069	.data-row-action > .btn		white-space	nowrap	css-ownership	permanent-variant	data-row-action-label	components/controls.md#11-permanente-varianten-und-befristete-ausnahmen	public/css/domains.css
server/public/css/domains.css	1093	.admin-role-select		width	auto	css-ownership	component-owner	admin-controls	components/controls.md#tokens-und-einzeilige-controls	public/css/domains.css
server/public/css/domains.css	1094	.admin-role-select		min-width	var(--assignment-select-width)	css-ownership	component-owner	admin-controls	components/controls.md#tokens-und-einzeilige-controls	public/css/domains.css
server/public/css/domains.css	1235	.food-order-card-header-toggle		min-width	0	css-ownership	component-owner	food-disclosure	components/controls.md#zusatzklassen-und-zusammengesetzte-controls	public/css/domains.css
server/public/css/domains.css	1239	.food-order-card-header-toggle		min-height	var(--control-height)	css-ownership	component-owner	food-disclosure	components/controls.md#zusatzklassen-und-zusammengesetzte-controls	public/css/domains.css
server/public/css/domains.css	1240	.food-order-card-header-toggle		padding	0	css-ownership	component-owner	food-disclosure	components/controls.md#zusatzklassen-und-zusammengesetzte-controls	public/css/domains.css
server/public/css/domains.css	1285	.food-order-group-toggle		min-width	0	css-ownership	component-owner	food-disclosure	components/controls.md#zusatzklassen-und-zusammengesetzte-controls	public/css/domains.css
server/public/css/domains.css	1290	.food-order-group-toggle		padding	0	css-ownership	component-owner	food-disclosure	components/controls.md#zusatzklassen-und-zusammengesetzte-controls	public/css/domains.css
server/public/css/domains.css	1356	.food-order-group-actions .payment-paid-marker		min-height	var(--control-height)	css-ownership	permanent-variant	food-payment-marker	components/controls.md#11-permanente-varianten-und-befristete-ausnahmen	public/css/domains.css
server/public/css/domains.css	1376	.payment-paid-marker		width	var(--payment-marker-width)	css-ownership	component-owner	payment-controls	components/controls.md#tokens-und-einzeilige-controls	public/css/domains.css
server/public/css/domains.css	1377	.payment-paid-marker		min-height	var(--space-7)	css-ownership	component-owner	payment-controls	components/controls.md#tokens-und-einzeilige-controls	public/css/domains.css
server/public/css/domains.css	1378	.payment-paid-marker		padding	var(--space-1) var(--space-2)	css-ownership	component-owner	payment-controls	components/controls.md#tokens-und-einzeilige-controls	public/css/domains.css
server/public/css/domains.css	1380	.payment-paid-marker		border-radius	var(--radius-sm)	css-ownership	component-owner	payment-controls	components/controls.md#tokens-und-einzeilige-controls	public/css/domains.css
server/public/css/domains.css	1383	.payment-paid-marker		font-size	var(--font-size-xs)	css-ownership	component-owner	payment-controls	components/controls.md#tokens-und-einzeilige-controls	public/css/domains.css
server/public/css/domains.css	1425	.food-order-item-action		width	var(--tap-target-size)	css-ownership	permanent-variant	food-position-slots	components/controls.md#11-permanente-varianten-und-befristete-ausnahmen	public/css/domains.css
server/public/css/domains.css	1425	.food-order-item-action-spacer		width	var(--tap-target-size)	css-ownership	permanent-variant	food-position-slots	components/controls.md#11-permanente-varianten-und-befristete-ausnahmen	public/css/domains.css
server/public/css/domains.css	1426	.food-order-item-action		min-height	var(--control-height)	css-ownership	permanent-variant	food-position-slots	components/controls.md#11-permanente-varianten-und-befristete-ausnahmen	public/css/domains.css
server/public/css/domains.css	1426	.food-order-item-action-spacer		min-height	var(--control-height)	css-ownership	permanent-variant	food-position-slots	components/controls.md#11-permanente-varianten-und-befristete-ausnahmen	public/css/domains.css
server/public/css/domains.css	1430	.food-order-item-action		padding	var(--space-1)	css-ownership	permanent-variant	food-position-slots	components/controls.md#11-permanente-varianten-und-befristete-ausnahmen	public/css/domains.css
server/public/css/domains.css	1431	.food-order-item-action		font-size	var(--font-size-xs)	css-ownership	permanent-variant	food-position-slots	components/controls.md#11-permanente-varianten-und-befristete-ausnahmen	public/css/domains.css
server/public/css/domains.css	1578	.food-order-group-actions .payment-paid-marker		width	auto	css-ownership	permanent-variant	food-payment-marker	components/controls.md#11-permanente-varianten-und-befristete-ausnahmen	public/css/domains.css
server/public/css/domains.css	1579	.food-order-group-actions .payment-paid-marker		min-width	0	css-ownership	permanent-variant	food-payment-marker	components/controls.md#11-permanente-varianten-und-befristete-ausnahmen	public/css/domains.css
server/public/css/domains.css	1580	.food-order-group-actions .payment-paid-marker		padding-inline	var(--space-1)	css-ownership	permanent-variant	food-payment-marker	components/controls.md#11-permanente-varianten-und-befristete-ausnahmen	public/css/domains.css
server/public/css/domains.css	1621	.food-order-add-button		width	100%	css-ownership	component-owner	food-fields	components/controls.md#tokens-und-einzeilige-controls	public/css/domains.css
server/public/css/domains.css	1651	input.food-order-price-input		width	100%	css-ownership	component-owner	food-fields	components/controls.md#tokens-und-einzeilige-controls	public/css/domains.css
server/public/css/domains.css	1652	input.food-order-price-input		padding-right	var(--space-7)	css-ownership	component-owner	food-fields	components/controls.md#tokens-und-einzeilige-controls	public/css/domains.css
server/public/css/domains.css	1655	.food-order-quantity-input		width	100%	css-ownership	component-owner	food-fields	components/controls.md#tokens-und-einzeilige-controls	public/css/domains.css
server/public/css/kiosk.css	49	.kiosk-login-card input		width	100%	css-ownership	permanent-variant	kiosk-login-field	components/controls.md#11-permanente-varianten-und-befristete-ausnahmen	public/css/kiosk.css
server/public/css/kiosk.css	75	.kiosk-header-actions .btn		min-height	var(--tap-target-size)	css-ownership	permanent-variant	kiosk-header-action	components/controls.md#11-permanente-varianten-und-befristete-ausnahmen	public/css/kiosk.css
server/public/css/kiosk.css	225	.kiosk-card .player-card		font-size	var(--font-size-lg)	css-ownership	permanent-variant	kiosk-player-card	components/controls.md#11-permanente-varianten-und-befristete-ausnahmen	public/css/kiosk.css
server/public/css/kiosk.css	254	.kiosk-live-grid .player-card		min-width	0	css-ownership	permanent-variant	kiosk-player-card	components/controls.md#11-permanente-varianten-und-befristete-ausnahmen	public/css/kiosk.css
server/public/css/kiosk.css	255	.kiosk-live-grid .player-card		padding	var(--space-2)	css-ownership	permanent-variant	kiosk-player-card	components/controls.md#11-permanente-varianten-und-befristete-ausnahmen	public/css/kiosk.css
server/public/css/kiosk.css	510	.kiosk-match-team.is-winner		box-shadow	inset var(--space-1) 0 0 var(--state-playing)	css-ownership	permanent-variant	kiosk-winner	components/controls.md#11-permanente-varianten-und-befristete-ausnahmen	public/css/kiosk.css
server/public/css/overlays.css	430	.onboarding-rating-dialog .onboarding-rating-actions .btn		min-width	0	css-ownership	permanent-variant	onboarding-rating-actions	components/controls.md#11-permanente-varianten-und-befristete-ausnahmen	public/css/overlays.css
server/public/css/overlays.css	431	.onboarding-rating-dialog .onboarding-rating-actions .btn		padding-inline	var(--space-2)	css-ownership	permanent-variant	onboarding-rating-actions	components/controls.md#11-permanente-varianten-und-befristete-ausnahmen	public/css/overlays.css
server/public/css/overlays.css	432	.onboarding-rating-dialog .onboarding-rating-actions .btn		font-size	var(--font-size-xs)	css-ownership	permanent-variant	onboarding-rating-actions	components/controls.md#11-permanente-varianten-und-befristete-ausnahmen	public/css/overlays.css
server/public/css/overlays.css	433	.onboarding-rating-dialog .onboarding-rating-actions .btn		white-space	nowrap	css-ownership	permanent-variant	onboarding-rating-actions	components/controls.md#11-permanente-varianten-und-befristete-ausnahmen	public/css/overlays.css
server/public/css/overlays.css	519	.global-search-result		width	100%	css-ownership	component-owner	global-search-result	components/controls.md#strukturziele-mit-44-px	public/css/overlays.css
server/public/css/overlays.css	520	.global-search-result		padding	var(--space-3)	css-ownership	component-owner	global-search-result	components/controls.md#strukturziele-mit-44-px	public/css/overlays.css
server/public/css/overlays.css	522	.global-search-result		border-radius	var(--radius-sm)	css-ownership	component-owner	global-search-result	components/controls.md#strukturziele-mit-44-px	public/css/overlays.css
server/public/css/overlays.css	782	.seating-control-grid input		min-width	0	css-ownership	permanent-variant	seating-field-width	components/controls.md#11-permanente-varianten-und-befristete-ausnahmen	public/css/overlays.css
server/public/css/overlays.css	960	.music-pairing-copy		width	var(--tap-target-size)	css-ownership	component-owner	music-controls	components/controls.md#tokens-und-einzeilige-controls	public/css/overlays.css
server/public/css/overlays.css	961	.music-pairing-copy		min-height	var(--control-height)	css-ownership	component-owner	music-controls	components/controls.md#tokens-und-einzeilige-controls	public/css/overlays.css
server/public/css/overlays.css	989	.music-copy-row .icon-btn		min-width	var(--tap-target-size)	css-ownership	permanent-variant	music-copy-actions	components/controls.md#11-permanente-varianten-und-befristete-ausnahmen	public/css/overlays.css
server/public/css/overlays.css	990	.music-copy-row .icon-btn		min-height	var(--control-height)	css-ownership	permanent-variant	music-copy-actions	components/controls.md#11-permanente-varianten-und-befristete-ausnahmen	public/css/overlays.css
server/public/css/overlays.css	1079	.music-result-type-button		width	100%	css-ownership	component-owner	music-controls	components/controls.md#tokens-und-einzeilige-controls	public/css/overlays.css
server/public/css/style.css	242	button		line-height	var(--control-line-height)	css-ownership	component-owner	native-control-line	components/controls.md#11-permanente-varianten-und-befristete-ausnahmen	public/css/style.css
server/public/css/style.css	242	input		line-height	var(--control-line-height)	css-ownership	component-owner	native-control-line	components/controls.md#11-permanente-varianten-und-befristete-ausnahmen	public/css/style.css
server/public/css/style.css	242	select		line-height	var(--control-line-height)	css-ownership	component-owner	native-fields	components/controls.md#tokens-und-einzeilige-controls	public/css/style.css
server/public/css/style.css	242	textarea		line-height	var(--control-line-height)	css-ownership	component-owner	native-fields	components/controls.md#tokens-und-einzeilige-controls	public/css/style.css
server/public/css/style.css	407	.notification-highlight-link		min-width	0	css-ownership	component-owner	structural-cards	components/controls.md#strukturziele-mit-44-px	public/css/style.css
server/public/css/style.css	409	.notification-highlight-link		padding	var(--space-2) var(--space-4)	css-ownership	component-owner	structural-cards	components/controls.md#strukturziele-mit-44-px	public/css/style.css
server/public/css/style.css	649	.event-context .search-select-control > input		padding-right	var(--space-6)	css-ownership	permanent-variant	event-context-search-field	components/controls.md#11-permanente-varianten-und-befristete-ausnahmen	public/css/style.css
server/public/css/style.css	704	.event-poll-card-toggle		min-width	0	css-ownership	component-owner	poll-disclosure	components/controls.md#zusatzklassen-und-zusammengesetzte-controls	public/css/style.css
server/public/css/style.css	705	.event-poll-card-toggle		min-height	var(--control-height)	css-ownership	component-owner	poll-disclosure	components/controls.md#zusatzklassen-und-zusammengesetzte-controls	public/css/style.css
server/public/css/style.css	706	.event-poll-card-toggle		padding	var(--space-2)	css-ownership	component-owner	poll-disclosure	components/controls.md#zusatzklassen-und-zusammengesetzte-controls	public/css/style.css
server/public/css/style.css	708	.event-poll-card-toggle		border-radius	var(--radius-sm)	css-ownership	component-owner	poll-disclosure	components/controls.md#zusatzklassen-und-zusammengesetzte-controls	public/css/style.css
server/public/css/style.css	787	.action-menu-panel .btn		min-height	var(--tap-target-size)	css-ownership	permanent-variant	action-menu-entry	components/controls.md#11-permanente-varianten-und-befristete-ausnahmen	public/css/style.css
server/public/css/style.css	788	.action-menu-panel .btn		min-width	var(--tap-target-size)	css-ownership	permanent-variant	action-menu-entry	components/controls.md#11-permanente-varianten-und-befristete-ausnahmen	public/css/style.css
server/public/css/style.css	791	.action-menu-panel .btn		white-space	normal	css-ownership	permanent-variant	action-menu-entry	components/controls.md#11-permanente-varianten-und-befristete-ausnahmen	public/css/style.css
server/public/css/style.css	806	.action-menu > summary.btn		min-height	var(--control-height)	css-ownership	permanent-variant	action-menu-trigger	components/controls.md#11-permanente-varianten-und-befristete-ausnahmen	public/css/style.css
server/public/css/style.css	858	.event-poll-option-link		padding	0	css-ownership	component-owner	poll-option-link	components/controls.md#11-permanente-varianten-und-befristete-ausnahmen	public/css/style.css
server/public/css/style.css	877	.event-poll-response-toolbar .btn:not(.btn-primary)		class	btn-primary	modifier	component-owner	button-meaning	components/controls.md#tokens-und-einzeilige-controls	public/css/style.css
server/public/css/style.css	880	.event-poll-response-toolbar .btn:not(.btn-square)		class	btn-square	modifier	component-owner	button-square	components/controls.md#tokens-und-einzeilige-controls	public/css/style.css
server/public/css/style.css	881	.event-poll-response-toolbar .btn:not(.btn-square)		min-width	var(--tap-target-size)	css-ownership	permanent-variant	poll-text-width	components/controls.md#11-permanente-varianten-und-befristete-ausnahmen	public/css/style.css
server/public/css/style.css	889	.event-poll-choice-control .selection-toolbar .event-poll-choice-btn		height	auto	css-ownership	permanent-variant	poll-choice-text	components/controls.md#11-permanente-varianten-und-befristete-ausnahmen	public/css/style.css
server/public/css/style.css	890	.event-poll-choice-control .selection-toolbar .event-poll-choice-btn		padding	var(--space-1) var(--space-2)	css-ownership	permanent-variant	poll-choice-text	components/controls.md#11-permanente-varianten-und-befristete-ausnahmen	public/css/style.css
server/public/css/style.css	891	.event-poll-choice-control .selection-toolbar .event-poll-choice-btn		font-size	var(--font-size-xs)	css-ownership	permanent-variant	poll-choice-text	components/controls.md#11-permanente-varianten-und-befristete-ausnahmen	public/css/style.css
server/public/css/style.css	1063	.battleship-cell		min-width	0	css-ownership	component-owner	battleship-grid	components/controls.md#strukturziele-mit-44-px	public/css/style.css
server/public/css/style.css	1064	.battleship-cell		min-height	var(--tap-target-size)	css-ownership	component-owner	battleship-grid	components/controls.md#strukturziele-mit-44-px	public/css/style.css
server/public/css/style.css	1065	.battleship-cell		padding	0	css-ownership	component-owner	battleship-grid	components/controls.md#strukturziele-mit-44-px	public/css/style.css
server/public/css/style.css	1067	.battleship-cell		border-radius	var(--radius-sm)	css-ownership	component-owner	battleship-grid	components/controls.md#strukturziele-mit-44-px	public/css/style.css
server/public/css/style.css	1070	.battleship-cell		font-size	var(--font-size-sm)	css-ownership	component-owner	battleship-grid	components/controls.md#strukturziele-mit-44-px	public/css/style.css
server/public/css/style.css	1089	.battleship-cell.is-sunk		outline	2px solid var(--danger)	css-ownership	component-owner	battleship-grid	components/controls.md#strukturziele-mit-44-px	public/css/style.css
server/public/css/style.css	1090	.battleship-cell.is-sunk		outline-offset	-3px	css-ownership	component-owner	battleship-grid	components/controls.md#strukturziele-mit-44-px	public/css/style.css
server/public/css/style.css	1097	.battleship-cell.is-miss		font-size	var(--font-size-lg)	css-ownership	component-owner	battleship-grid	components/controls.md#strukturziele-mit-44-px	public/css/style.css
server/public/css/style.css	1101	.battleship-cell.is-selected		outline	2px solid var(--accent)	css-ownership	component-owner	selection-state	components/controls.md#zusatzklassen-und-zusammengesetzte-controls	public/css/style.css
server/public/css/style.css	1102	.battleship-cell.is-selected		outline-offset	-2px	css-ownership	component-owner	selection-state	components/controls.md#zusatzklassen-und-zusammengesetzte-controls	public/css/style.css
server/public/css/style.css	1134	.battleship-cell		min-height	var(--tap-target-size)	css-ownership	component-owner	battleship-grid	components/controls.md#strukturziele-mit-44-px	public/css/style.css
server/public/css/style.css	1155	.icon-btn		min-width	var(--tap-target-size)	css-ownership	component-owner	icon-button	components/controls.md#tokens-und-einzeilige-controls	public/css/style.css
server/public/css/style.css	1156	.icon-btn		min-height	var(--control-height)	css-ownership	component-owner	icon-button	components/controls.md#tokens-und-einzeilige-controls	public/css/style.css
server/public/css/style.css	1162	.icon-btn		font-size	var(--font-size-lg)	css-ownership	component-owner	icon-button	components/controls.md#tokens-und-einzeilige-controls	public/css/style.css
server/public/css/style.css	1164	.icon-btn		padding	var(--space-1)	css-ownership	component-owner	icon-button	components/controls.md#tokens-und-einzeilige-controls	public/css/style.css
server/public/css/style.css	1165	.icon-btn		line-height	var(--control-line-height)	css-ownership	component-owner	icon-button	components/controls.md#tokens-und-einzeilige-controls	public/css/style.css
server/public/css/style.css	1166	.icon-btn		border-radius	var(--radius-sm)	css-ownership	component-owner	icon-button	components/controls.md#tokens-und-einzeilige-controls	public/css/style.css
server/public/css/style.css	1170	.topbar .icon-btn		width	var(--tap-target-size)	css-ownership	permanent-variant	topbar-icons	components/controls.md#11-permanente-varianten-und-befristete-ausnahmen	public/css/style.css
server/public/css/style.css	1327	:root[data-layout-mode='desktop'] .desktop-nav-btn		width	100%	css-ownership	permanent-variant	desktop-navigation	components/controls.md#11-permanente-varianten-und-befristete-ausnahmen	public/css/style.css
server/public/css/style.css	1328	:root[data-layout-mode='desktop'] .desktop-nav-btn		min-height	var(--tap-target-size)	css-ownership	permanent-variant	desktop-navigation	components/controls.md#11-permanente-varianten-und-befristete-ausnahmen	public/css/style.css
server/public/css/style.css	1331	:root[data-layout-mode='desktop'] .desktop-nav-btn		padding	var(--space-2)	css-ownership	permanent-variant	desktop-navigation	components/controls.md#11-permanente-varianten-und-befristete-ausnahmen	public/css/style.css
server/public/css/style.css	1333	:root[data-layout-mode='desktop'] .desktop-nav-btn		font-size	var(--font-size-xs)	css-ownership	permanent-variant	desktop-navigation	components/controls.md#11-permanente-varianten-und-befristete-ausnahmen	public/css/style.css
server/public/css/style.css	1335	:root[data-layout-mode='desktop'] .desktop-nav-btn		white-space	nowrap	css-ownership	permanent-variant	desktop-navigation	components/controls.md#11-permanente-varianten-und-befristete-ausnahmen	public/css/style.css
server/public/css/style.css	1339	:root[data-layout-mode='desktop'] .desktop-nav-btn		border-radius	var(--radius-sm)	css-ownership	permanent-variant	desktop-navigation	components/controls.md#11-permanente-varianten-und-befristete-ausnahmen	public/css/style.css
server/public/css/style.css	1347	:root[data-layout-mode='desktop'] .desktop-nav-btn::before		width	var(--space-1)	css-ownership	permanent-variant	desktop-nav-indicator	components/controls.md#11-permanente-varianten-und-befristete-ausnahmen	public/css/style.css
server/public/css/style.css	1348	:root[data-layout-mode='desktop'] .desktop-nav-btn::before		height	calc(100% - var(--space-2))	css-ownership	permanent-variant	desktop-nav-indicator	components/controls.md#11-permanente-varianten-und-befristete-ausnahmen	public/css/style.css
server/public/css/style.css	1349	:root[data-layout-mode='desktop'] .desktop-nav-btn::before		border-radius	var(--radius-full)	css-ownership	permanent-variant	desktop-nav-indicator	components/controls.md#11-permanente-varianten-und-befristete-ausnahmen	public/css/style.css
server/public/css/style.css	1460	.icon-btn .ui-icon		width	20px	internal-icon	permanent-variant	icon-button-glyph	components/controls.md#11-permanente-varianten-und-befristete-ausnahmen	public/css/style.css
server/public/css/style.css	1461	.icon-btn .ui-icon		height	20px	internal-icon	permanent-variant	icon-button-glyph	components/controls.md#11-permanente-varianten-und-befristete-ausnahmen	public/css/style.css
server/public/css/style.css	1465	.chip .ui-icon		width	15px	internal-icon	permanent-variant	chip-glyph	components/controls.md#11-permanente-varianten-und-befristete-ausnahmen	public/css/style.css
server/public/css/style.css	1466	.chip .ui-icon		height	15px	internal-icon	permanent-variant	chip-glyph	components/controls.md#11-permanente-varianten-und-befristete-ausnahmen	public/css/style.css
server/public/css/style.css	1507	.btn		border-radius	var(--radius-sm)	css-ownership	component-owner	button	components/controls.md#tokens-und-einzeilige-controls	public/css/style.css
server/public/css/style.css	1508	.btn		min-height	var(--control-height)	css-ownership	component-owner	button	components/controls.md#tokens-und-einzeilige-controls	public/css/style.css
server/public/css/style.css	1509	.btn		padding	6px var(--space-5)	css-ownership	component-owner	button	components/controls.md#tokens-und-einzeilige-controls	public/css/style.css
server/public/css/style.css	1510	.btn		font-size	var(--font-size-md)	css-ownership	component-owner	button	components/controls.md#tokens-und-einzeilige-controls	public/css/style.css
server/public/css/style.css	1511	.btn		line-height	var(--control-line-height)	css-ownership	component-owner	button	components/controls.md#tokens-und-einzeilige-controls	public/css/style.css
server/public/css/style.css	1527	.btn-primary:hover:not(:disabled)		class	btn-primary	modifier	component-owner	button-meaning	components/controls.md#tokens-und-einzeilige-controls	public/css/style.css
server/public/css/style.css	1528	.btn-primary:hover:not(:disabled)		box-shadow	var(--shadow-glow-accent)	css-ownership	component-owner	button-meaning	components/controls.md#tokens-und-einzeilige-controls	public/css/style.css
server/public/css/style.css	1541	.btn-primary		class	btn-primary	modifier	component-owner	button-meaning	components/controls.md#tokens-und-einzeilige-controls	public/css/style.css
server/public/css/style.css	1544	.btn-primary		box-shadow	0 2px 14px rgba(91, 140, 255, 0.28)	css-ownership	component-owner	button-meaning	components/controls.md#tokens-und-einzeilige-controls	public/css/style.css
server/public/css/style.css	1546	.btn-primary:active		class	btn-primary	modifier	component-owner	button-meaning	components/controls.md#tokens-und-einzeilige-controls	public/css/style.css
server/public/css/style.css	1547	.btn-primary:active		box-shadow	none	css-ownership	component-owner	button-meaning	components/controls.md#tokens-und-einzeilige-controls	public/css/style.css
server/public/css/style.css	1549	.btn-primary:disabled		class	btn-primary	modifier	component-owner	button-meaning	components/controls.md#tokens-und-einzeilige-controls	public/css/style.css
server/public/css/style.css	1550	.btn-primary:disabled		box-shadow	none	css-ownership	component-owner	button-meaning	components/controls.md#tokens-und-einzeilige-controls	public/css/style.css
server/public/css/style.css	1552	.btn-danger		class	btn-danger	modifier	component-owner	button-meaning	components/controls.md#tokens-und-einzeilige-controls	public/css/style.css
server/public/css/style.css	1556	.btn-block		class	btn-block	modifier	component-owner	button-width	components/controls.md#tokens-und-einzeilige-controls	public/css/style.css
server/public/css/style.css	1557	.btn-block		width	100%	css-ownership	component-owner	button-width	components/controls.md#tokens-und-einzeilige-controls	public/css/style.css
server/public/css/style.css	1559	.btn-sm		class	btn-sm	modifier	component-owner	button-small	components/controls.md#tokens-und-einzeilige-controls	public/css/style.css
server/public/css/style.css	1560	.btn-sm		padding-inline	var(--space-3)	css-ownership	component-owner	button-small	components/controls.md#tokens-und-einzeilige-controls	public/css/style.css
server/public/css/style.css	1561	.btn-sm		font-size	var(--font-size-sm)	css-ownership	component-owner	button-small	components/controls.md#tokens-und-einzeilige-controls	public/css/style.css
server/public/css/style.css	1563	.btn.btn-square		class	btn-square	modifier	component-owner	button-square	components/controls.md#tokens-und-einzeilige-controls	public/css/style.css
server/public/css/style.css	1565	.btn.btn-square		width	var(--control-height)	css-ownership	component-owner	button	components/controls.md#tokens-und-einzeilige-controls	public/css/style.css
server/public/css/style.css	1566	.btn.btn-square		min-width	var(--control-height)	css-ownership	component-owner	button	components/controls.md#tokens-und-einzeilige-controls	public/css/style.css
server/public/css/style.css	1567	.btn.btn-square		height	var(--control-height)	css-ownership	component-owner	button	components/controls.md#tokens-und-einzeilige-controls	public/css/style.css
server/public/css/style.css	1568	.btn.btn-square		padding	0	css-ownership	component-owner	button	components/controls.md#tokens-und-einzeilige-controls	public/css/style.css
server/public/css/style.css	1569	.btn.btn-square		font-size	var(--font-size-xs)	css-ownership	component-owner	button	components/controls.md#tokens-und-einzeilige-controls	public/css/style.css
server/public/css/style.css	1575	.btn-equal		class	btn-equal	modifier	component-owner	button-width	components/controls.md#tokens-und-einzeilige-controls	public/css/style.css
server/public/css/style.css	1576	.btn-equal		min-width	7.5rem	css-ownership	component-owner	button-width	components/controls.md#tokens-und-einzeilige-controls	public/css/style.css
server/public/css/style.css	1589	input[type='datetime-local']		border-radius	var(--radius-sm)	css-ownership	component-owner	native-fields	components/controls.md#tokens-und-einzeilige-controls	public/css/style.css
server/public/css/style.css	1589	input[type='number']		border-radius	var(--radius-sm)	css-ownership	component-owner	native-fields	components/controls.md#tokens-und-einzeilige-controls	public/css/style.css
server/public/css/style.css	1589	input[type='password']		border-radius	var(--radius-sm)	css-ownership	component-owner	native-fields	components/controls.md#tokens-und-einzeilige-controls	public/css/style.css
server/public/css/style.css	1589	input[type='search']		border-radius	var(--radius-sm)	css-ownership	component-owner	native-fields	components/controls.md#tokens-und-einzeilige-controls	public/css/style.css
server/public/css/style.css	1589	input[type='text']		border-radius	var(--radius-sm)	css-ownership	component-owner	native-fields	components/controls.md#tokens-und-einzeilige-controls	public/css/style.css
server/public/css/style.css	1589	input[type='url']		border-radius	var(--radius-sm)	css-ownership	component-owner	native-fields	components/controls.md#tokens-und-einzeilige-controls	public/css/style.css
server/public/css/style.css	1589	select		border-radius	var(--radius-sm)	css-ownership	component-owner	native-fields	components/controls.md#tokens-und-einzeilige-controls	public/css/style.css
server/public/css/style.css	1589	textarea		border-radius	var(--radius-sm)	css-ownership	component-owner	native-fields	components/controls.md#tokens-und-einzeilige-controls	public/css/style.css
server/public/css/style.css	1590	input[type='datetime-local']		min-height	var(--control-height)	css-ownership	component-owner	native-fields	components/controls.md#tokens-und-einzeilige-controls	public/css/style.css
server/public/css/style.css	1590	input[type='number']		min-height	var(--control-height)	css-ownership	component-owner	native-fields	components/controls.md#tokens-und-einzeilige-controls	public/css/style.css
server/public/css/style.css	1590	input[type='password']		min-height	var(--control-height)	css-ownership	component-owner	native-fields	components/controls.md#tokens-und-einzeilige-controls	public/css/style.css
server/public/css/style.css	1590	input[type='search']		min-height	var(--control-height)	css-ownership	component-owner	native-fields	components/controls.md#tokens-und-einzeilige-controls	public/css/style.css
server/public/css/style.css	1590	input[type='text']		min-height	var(--control-height)	css-ownership	component-owner	native-fields	components/controls.md#tokens-und-einzeilige-controls	public/css/style.css
server/public/css/style.css	1590	input[type='url']		min-height	var(--control-height)	css-ownership	component-owner	native-fields	components/controls.md#tokens-und-einzeilige-controls	public/css/style.css
server/public/css/style.css	1590	select		min-height	var(--control-height)	css-ownership	component-owner	native-fields	components/controls.md#tokens-und-einzeilige-controls	public/css/style.css
server/public/css/style.css	1590	textarea		min-height	var(--control-height)	css-ownership	component-owner	native-fields	components/controls.md#tokens-und-einzeilige-controls	public/css/style.css
server/public/css/style.css	1591	input[type='datetime-local']		padding	5px var(--space-3)	css-ownership	component-owner	native-fields	components/controls.md#tokens-und-einzeilige-controls	public/css/style.css
server/public/css/style.css	1591	input[type='number']		padding	5px var(--space-3)	css-ownership	component-owner	native-fields	components/controls.md#tokens-und-einzeilige-controls	public/css/style.css
server/public/css/style.css	1591	input[type='password']		padding	5px var(--space-3)	css-ownership	component-owner	native-fields	components/controls.md#tokens-und-einzeilige-controls	public/css/style.css
server/public/css/style.css	1591	input[type='search']		padding	5px var(--space-3)	css-ownership	component-owner	native-fields	components/controls.md#tokens-und-einzeilige-controls	public/css/style.css
server/public/css/style.css	1591	input[type='text']		padding	5px var(--space-3)	css-ownership	component-owner	native-fields	components/controls.md#tokens-und-einzeilige-controls	public/css/style.css
server/public/css/style.css	1591	input[type='url']		padding	5px var(--space-3)	css-ownership	component-owner	native-fields	components/controls.md#tokens-und-einzeilige-controls	public/css/style.css
server/public/css/style.css	1591	select		padding	5px var(--space-3)	css-ownership	component-owner	native-fields	components/controls.md#tokens-und-einzeilige-controls	public/css/style.css
server/public/css/style.css	1591	textarea		padding	5px var(--space-3)	css-ownership	component-owner	native-fields	components/controls.md#tokens-und-einzeilige-controls	public/css/style.css
server/public/css/style.css	1592	input[type='datetime-local']		font-size	var(--font-size-md)	css-ownership	component-owner	native-fields	components/controls.md#tokens-und-einzeilige-controls	public/css/style.css
server/public/css/style.css	1592	input[type='number']		font-size	var(--font-size-md)	css-ownership	component-owner	native-fields	components/controls.md#tokens-und-einzeilige-controls	public/css/style.css
server/public/css/style.css	1592	input[type='password']		font-size	var(--font-size-md)	css-ownership	component-owner	native-fields	components/controls.md#tokens-und-einzeilige-controls	public/css/style.css
server/public/css/style.css	1592	input[type='search']		font-size	var(--font-size-md)	css-ownership	component-owner	native-fields	components/controls.md#tokens-und-einzeilige-controls	public/css/style.css
server/public/css/style.css	1592	input[type='text']		font-size	var(--font-size-md)	css-ownership	component-owner	native-fields	components/controls.md#tokens-und-einzeilige-controls	public/css/style.css
server/public/css/style.css	1592	input[type='url']		font-size	var(--font-size-md)	css-ownership	component-owner	native-fields	components/controls.md#tokens-und-einzeilige-controls	public/css/style.css
server/public/css/style.css	1592	select		font-size	var(--font-size-md)	css-ownership	component-owner	native-fields	components/controls.md#tokens-und-einzeilige-controls	public/css/style.css
server/public/css/style.css	1592	textarea		font-size	var(--font-size-md)	css-ownership	component-owner	native-fields	components/controls.md#tokens-und-einzeilige-controls	public/css/style.css
server/public/css/style.css	1593	input[type='datetime-local']		line-height	var(--control-line-height)	css-ownership	component-owner	native-fields	components/controls.md#tokens-und-einzeilige-controls	public/css/style.css
server/public/css/style.css	1593	input[type='number']		line-height	var(--control-line-height)	css-ownership	component-owner	native-fields	components/controls.md#tokens-und-einzeilige-controls	public/css/style.css
server/public/css/style.css	1593	input[type='password']		line-height	var(--control-line-height)	css-ownership	component-owner	native-fields	components/controls.md#tokens-und-einzeilige-controls	public/css/style.css
server/public/css/style.css	1593	input[type='search']		line-height	var(--control-line-height)	css-ownership	component-owner	native-fields	components/controls.md#tokens-und-einzeilige-controls	public/css/style.css
server/public/css/style.css	1593	input[type='text']		line-height	var(--control-line-height)	css-ownership	component-owner	native-fields	components/controls.md#tokens-und-einzeilige-controls	public/css/style.css
server/public/css/style.css	1593	input[type='url']		line-height	var(--control-line-height)	css-ownership	component-owner	native-fields	components/controls.md#tokens-und-einzeilige-controls	public/css/style.css
server/public/css/style.css	1593	select		line-height	var(--control-line-height)	css-ownership	component-owner	native-fields	components/controls.md#tokens-und-einzeilige-controls	public/css/style.css
server/public/css/style.css	1593	textarea		line-height	var(--control-line-height)	css-ownership	component-owner	native-fields	components/controls.md#tokens-und-einzeilige-controls	public/css/style.css
server/public/css/style.css	1595	input[type='datetime-local']		width	100%	css-ownership	component-owner	native-fields	components/controls.md#tokens-und-einzeilige-controls	public/css/style.css
server/public/css/style.css	1595	input[type='number']		width	100%	css-ownership	component-owner	native-fields	components/controls.md#tokens-und-einzeilige-controls	public/css/style.css
server/public/css/style.css	1595	input[type='password']		width	100%	css-ownership	component-owner	native-fields	components/controls.md#tokens-und-einzeilige-controls	public/css/style.css
server/public/css/style.css	1595	input[type='search']		width	100%	css-ownership	component-owner	native-fields	components/controls.md#tokens-und-einzeilige-controls	public/css/style.css
server/public/css/style.css	1595	input[type='text']		width	100%	css-ownership	component-owner	native-fields	components/controls.md#tokens-und-einzeilige-controls	public/css/style.css
server/public/css/style.css	1595	input[type='url']		width	100%	css-ownership	component-owner	native-fields	components/controls.md#tokens-und-einzeilige-controls	public/css/style.css
server/public/css/style.css	1595	select		width	100%	css-ownership	component-owner	native-fields	components/controls.md#tokens-und-einzeilige-controls	public/css/style.css
server/public/css/style.css	1595	textarea		width	100%	css-ownership	component-owner	native-fields	components/controls.md#tokens-und-einzeilige-controls	public/css/style.css
server/public/css/style.css	1600	input[type='datetime-local']		min-width	0	css-ownership	component-owner	native-fields	components/controls.md#tokens-und-einzeilige-controls	public/css/style.css
server/public/css/style.css	1600	input[type='number']		min-width	0	css-ownership	component-owner	native-fields	components/controls.md#tokens-und-einzeilige-controls	public/css/style.css
server/public/css/style.css	1600	input[type='password']		min-width	0	css-ownership	component-owner	native-fields	components/controls.md#tokens-und-einzeilige-controls	public/css/style.css
server/public/css/style.css	1600	input[type='search']		min-width	0	css-ownership	component-owner	native-fields	components/controls.md#tokens-und-einzeilige-controls	public/css/style.css
server/public/css/style.css	1600	input[type='text']		min-width	0	css-ownership	component-owner	native-fields	components/controls.md#tokens-und-einzeilige-controls	public/css/style.css
server/public/css/style.css	1600	input[type='url']		min-width	0	css-ownership	component-owner	native-fields	components/controls.md#tokens-und-einzeilige-controls	public/css/style.css
server/public/css/style.css	1600	select		min-width	0	css-ownership	component-owner	native-fields	components/controls.md#tokens-und-einzeilige-controls	public/css/style.css
server/public/css/style.css	1600	textarea		min-width	0	css-ownership	component-owner	native-fields	components/controls.md#tokens-und-einzeilige-controls	public/css/style.css
server/public/css/style.css	1617	input[type='datetime-local']:focus		outline	none	css-ownership	component-owner	native-fields	components/controls.md#tokens-und-einzeilige-controls	public/css/style.css
server/public/css/style.css	1617	input[type='number']:focus		outline	none	css-ownership	component-owner	native-fields	components/controls.md#tokens-und-einzeilige-controls	public/css/style.css
server/public/css/style.css	1617	input[type='password']:focus		outline	none	css-ownership	component-owner	native-fields	components/controls.md#tokens-und-einzeilige-controls	public/css/style.css
server/public/css/style.css	1617	input[type='search']:focus		outline	none	css-ownership	component-owner	native-fields	components/controls.md#tokens-und-einzeilige-controls	public/css/style.css
server/public/css/style.css	1617	input[type='text']:focus		outline	none	css-ownership	component-owner	native-fields	components/controls.md#tokens-und-einzeilige-controls	public/css/style.css
server/public/css/style.css	1617	input[type='url']:focus		outline	none	css-ownership	component-owner	native-fields	components/controls.md#tokens-und-einzeilige-controls	public/css/style.css
server/public/css/style.css	1617	select:focus		outline	none	css-ownership	component-owner	native-fields	components/controls.md#tokens-und-einzeilige-controls	public/css/style.css
server/public/css/style.css	1617	textarea:focus		outline	none	css-ownership	component-owner	native-fields	components/controls.md#tokens-und-einzeilige-controls	public/css/style.css
server/public/css/style.css	1619	input[type='datetime-local']:focus		box-shadow	0 0 0 3px rgba(91, 140, 255, 0.16)	css-ownership	component-owner	native-fields	components/controls.md#tokens-und-einzeilige-controls	public/css/style.css
server/public/css/style.css	1619	input[type='number']:focus		box-shadow	0 0 0 3px rgba(91, 140, 255, 0.16)	css-ownership	component-owner	native-fields	components/controls.md#tokens-und-einzeilige-controls	public/css/style.css
server/public/css/style.css	1619	input[type='password']:focus		box-shadow	0 0 0 3px rgba(91, 140, 255, 0.16)	css-ownership	component-owner	native-fields	components/controls.md#tokens-und-einzeilige-controls	public/css/style.css
server/public/css/style.css	1619	input[type='search']:focus		box-shadow	0 0 0 3px rgba(91, 140, 255, 0.16)	css-ownership	component-owner	native-fields	components/controls.md#tokens-und-einzeilige-controls	public/css/style.css
server/public/css/style.css	1619	input[type='text']:focus		box-shadow	0 0 0 3px rgba(91, 140, 255, 0.16)	css-ownership	component-owner	native-fields	components/controls.md#tokens-und-einzeilige-controls	public/css/style.css
server/public/css/style.css	1619	input[type='url']:focus		box-shadow	0 0 0 3px rgba(91, 140, 255, 0.16)	css-ownership	component-owner	native-fields	components/controls.md#tokens-und-einzeilige-controls	public/css/style.css
server/public/css/style.css	1619	select:focus		box-shadow	0 0 0 3px rgba(91, 140, 255, 0.16)	css-ownership	component-owner	native-fields	components/controls.md#tokens-und-einzeilige-controls	public/css/style.css
server/public/css/style.css	1619	textarea:focus		box-shadow	0 0 0 3px rgba(91, 140, 255, 0.16)	css-ownership	component-owner	native-fields	components/controls.md#tokens-und-einzeilige-controls	public/css/style.css
server/public/css/style.css	1634	select		padding-right	38px	css-ownership	component-owner	native-fields	components/controls.md#tokens-und-einzeilige-controls	public/css/style.css
server/public/css/style.css	1646	.search-select-control > input		min-height	var(--control-height)	css-ownership	permanent-variant	search-field	components/controls.md#11-permanente-varianten-und-befristete-ausnahmen	public/css/style.css
server/public/css/style.css	1647	.search-select-control > input		padding-right	calc(var(--tap-target-size) + var(--space-2))	css-ownership	permanent-variant	search-field	components/controls.md#11-permanente-varianten-und-befristete-ausnahmen	public/css/style.css
server/public/css/style.css	1656	.search-select-toggle		width	var(--tap-target-size)	css-ownership	component-owner	search-select	components/controls.md#tokens-und-einzeilige-controls	public/css/style.css
server/public/css/style.css	1657	.search-select-toggle		min-height	var(--control-height)	css-ownership	component-owner	search-select	components/controls.md#tokens-und-einzeilige-controls	public/css/style.css
server/public/css/style.css	1658	.search-select-toggle		padding	0	css-ownership	component-owner	search-select	components/controls.md#tokens-und-einzeilige-controls	public/css/style.css
server/public/css/style.css	1661	.search-select-toggle		border-radius	0 var(--radius-sm) var(--radius-sm) 0	css-ownership	component-owner	search-select	components/controls.md#tokens-und-einzeilige-controls	public/css/style.css
server/public/css/style.css	1705	.search-select-option		width	100%	css-ownership	component-owner	search-options	components/controls.md#strukturziele-mit-44-px	public/css/style.css
server/public/css/style.css	1706	.search-select-option		min-height	var(--tap-target-size)	css-ownership	component-owner	search-options	components/controls.md#strukturziele-mit-44-px	public/css/style.css
server/public/css/style.css	1707	.search-select-option		padding	var(--space-2) var(--space-3)	css-ownership	component-owner	search-options	components/controls.md#strukturziele-mit-44-px	public/css/style.css
server/public/css/style.css	1709	.search-select-option		border-radius	var(--radius-sm)	css-ownership	component-owner	search-options	components/controls.md#strukturziele-mit-44-px	public/css/style.css
server/public/css/style.css	1712	.search-select-option		font-size	var(--font-size-md)	css-ownership	component-owner	search-options	components/controls.md#strukturziele-mit-44-px	public/css/style.css
server/public/css/style.css	1747	.search-select.has-status-icon .search-select-control > input		padding-left	38px	css-ownership	permanent-variant	search-status-reserve	components/controls.md#11-permanente-varianten-und-befristete-ausnahmen	public/css/style.css
server/public/css/style.css	1774	.search-select-option.is-active		outline	2px solid var(--accent)	css-ownership	component-owner	search-options	components/controls.md#strukturziele-mit-44-px	public/css/style.css
server/public/css/style.css	1775	.search-select-option.is-active		outline-offset	-2px	css-ownership	component-owner	search-options	components/controls.md#strukturziele-mit-44-px	public/css/style.css
server/public/css/style.css	1795	input[type='color']		width	44px	css-ownership	component-owner	native-control-line	components/controls.md#11-permanente-varianten-und-befristete-ausnahmen	public/css/style.css
server/public/css/style.css	1796	input[type='color']		height	44px	css-ownership	component-owner	native-control-line	components/controls.md#11-permanente-varianten-und-befristete-ausnahmen	public/css/style.css
server/public/css/style.css	1797	input[type='color']		padding	0	css-ownership	component-owner	native-control-line	components/controls.md#11-permanente-varianten-und-befristete-ausnahmen	public/css/style.css
server/public/css/style.css	1799	input[type='color']		border-radius	var(--radius-sm)	css-ownership	component-owner	native-control-line	components/controls.md#11-permanente-varianten-und-befristete-ausnahmen	public/css/style.css
server/public/css/style.css	1832	.number-stepper input[type='number']		padding-right	30px	css-ownership	permanent-variant	number-stepper-reserve	components/controls.md#11-permanente-varianten-und-befristete-ausnahmen	public/css/style.css
server/public/css/style.css	1848	.number-stepper-btn		padding	0	css-ownership	component-owner	number-stepper	components/controls.md#zusatzklassen-und-zusammengesetzte-controls	public/css/style.css
server/public/css/style.css	1859	.number-stepper-btn .ui-icon		width	11px	internal-icon	permanent-variant	number-stepper-glyph	components/controls.md#11-permanente-varianten-und-befristete-ausnahmen	public/css/style.css
server/public/css/style.css	1860	.number-stepper-btn .ui-icon		height	11px	internal-icon	permanent-variant	number-stepper-glyph	components/controls.md#11-permanente-varianten-und-befristete-ausnahmen	public/css/style.css
server/public/css/style.css	1924	.selection-toolbar input[type='number']		width	calc(var(--space-8) * 2)	css-ownership	permanent-variant	selection-number-width	components/controls.md#11-permanente-varianten-und-befristete-ausnahmen	public/css/style.css
server/public/css/style.css	1928	.selection-toolbar .btn		min-height	var(--control-height)	css-ownership	permanent-variant	selection-buttons	components/controls.md#11-permanente-varianten-und-befristete-ausnahmen	public/css/style.css
server/public/css/style.css	1931	.selection-toolbar-icon		width	var(--tap-target-size)	css-ownership	component-owner	selection-icons	components/controls.md#tokens-und-einzeilige-controls	public/css/style.css
server/public/css/style.css	1932	.selection-toolbar-icon		min-height	var(--control-height)	css-ownership	component-owner	selection-icons	components/controls.md#tokens-und-einzeilige-controls	public/css/style.css
server/public/css/style.css	1933	.selection-toolbar-icon		padding	var(--space-1)	css-ownership	component-owner	selection-icons	components/controls.md#tokens-und-einzeilige-controls	public/css/style.css
server/public/css/style.css	1953	.selection-search-close		width	var(--tap-target-size)	css-ownership	permanent-variant	selection-search-actions	components/controls.md#11-permanente-varianten-und-befristete-ausnahmen	public/css/style.css
server/public/css/style.css	1953	.selection-search-trigger		width	var(--tap-target-size)	css-ownership	permanent-variant	selection-search-actions	components/controls.md#11-permanente-varianten-und-befristete-ausnahmen	public/css/style.css
server/public/css/style.css	1954	.selection-search-close		min-height	var(--control-height)	css-ownership	permanent-variant	selection-search-actions	components/controls.md#11-permanente-varianten-und-befristete-ausnahmen	public/css/style.css
server/public/css/style.css	1954	.selection-search-trigger		min-height	var(--control-height)	css-ownership	permanent-variant	selection-search-actions	components/controls.md#11-permanente-varianten-und-befristete-ausnahmen	public/css/style.css
server/public/css/style.css	1955	.selection-search-close		padding	var(--space-1)	css-ownership	permanent-variant	selection-search-actions	components/controls.md#11-permanente-varianten-und-befristete-ausnahmen	public/css/style.css
server/public/css/style.css	1955	.selection-search-trigger		padding	var(--space-1)	css-ownership	permanent-variant	selection-search-actions	components/controls.md#11-permanente-varianten-und-befristete-ausnahmen	public/css/style.css
server/public/css/style.css	1969	.selection-search-field input		min-width	0	css-ownership	permanent-variant	selection-search-field	components/selection-search.md#11-permanente-varianten-und-befristete-ausnahmen	public/css/style.css
server/public/css/style.css	1970	.selection-search-field input		width	100%	css-ownership	permanent-variant	selection-search-field	components/selection-search.md#11-permanente-varianten-und-befristete-ausnahmen	public/css/style.css
server/public/css/style.css	1988	.tournament-team-count-field input[type='number']		width	100%	css-ownership	permanent-variant	tournament-count-width	components/controls.md#11-permanente-varianten-und-befristete-ausnahmen	public/css/style.css
server/public/css/style.css	2008	.player-selection-grid .check-row		min-width	0	css-ownership	permanent-variant	roster-selection-frame	components/roster-picker.md#11-permanente-varianten-und-befristete-ausnahmen	public/css/style.css
server/public/css/style.css	2009	.player-selection-grid .check-row		padding	var(--space-2)	css-ownership	permanent-variant	roster-selection-frame	components/roster-picker.md#11-permanente-varianten-und-befristete-ausnahmen	public/css/style.css
server/public/css/style.css	2011	.player-selection-grid .check-row		border-radius	var(--radius-sm)	css-ownership	permanent-variant	roster-selection-frame	components/roster-picker.md#11-permanente-varianten-und-befristete-ausnahmen	public/css/style.css
server/public/css/style.css	2091	.profile-color-trigger		width	var(--tap-target-size)	css-ownership	component-owner	profile-controls	components/controls.md#tokens-und-einzeilige-controls	public/css/style.css
server/public/css/style.css	2092	.profile-color-trigger		min-height	var(--control-height)	css-ownership	component-owner	profile-controls	components/controls.md#tokens-und-einzeilige-controls	public/css/style.css
server/public/css/style.css	2093	.profile-color-trigger		padding	0	css-ownership	component-owner	profile-controls	components/controls.md#tokens-und-einzeilige-controls	public/css/style.css
server/public/css/style.css	2095	.profile-color-trigger		border-radius	var(--radius-sm)	css-ownership	component-owner	profile-controls	components/controls.md#tokens-und-einzeilige-controls	public/css/style.css
server/public/css/style.css	2153	.profile-color-picker-value		width	100%	css-ownership	component-owner	profile-controls	components/controls.md#tokens-und-einzeilige-controls	public/css/style.css
server/public/css/style.css	2154	.profile-color-picker-value		min-width	0	css-ownership	component-owner	profile-controls	components/controls.md#tokens-und-einzeilige-controls	public/css/style.css
server/public/css/style.css	2167	.profile-color-picker-copy		width	var(--tap-target-size)	css-ownership	component-owner	profile-controls	components/controls.md#tokens-und-einzeilige-controls	public/css/style.css
server/public/css/style.css	2168	.profile-color-picker-copy		min-height	var(--control-height)	css-ownership	component-owner	profile-controls	components/controls.md#tokens-und-einzeilige-controls	public/css/style.css
server/public/css/style.css	2195	.profile-layout-option		min-width	0	css-ownership	component-owner	profile-controls	components/controls.md#tokens-und-einzeilige-controls	public/css/style.css
server/public/css/style.css	2196	.profile-layout-option		padding-right	var(--space-2)	css-ownership	component-owner	profile-controls	components/controls.md#tokens-und-einzeilige-controls	public/css/style.css
server/public/css/style.css	2197	.profile-layout-option		padding-left	var(--space-2)	css-ownership	component-owner	profile-controls	components/controls.md#tokens-und-einzeilige-controls	public/css/style.css
server/public/css/style.css	2250	.profile-agent-key-row input		min-width	0	css-ownership	permanent-variant	profile-agent-field	components/controls.md#11-permanente-varianten-und-befristete-ausnahmen	public/css/style.css
server/public/css/style.css	2277	.player-assignment-row select		width	100%	css-ownership	permanent-variant	player-assignment-field	components/controls.md#11-permanente-varianten-und-befristete-ausnahmen	public/css/style.css
server/public/css/style.css	2287	.matchmaking-draw-team.is-winner		box-shadow	inset 0 0 0 1px var(--state-playing)	css-ownership	component-owner	draw-team-surface	components/controls.md#11-permanente-varianten-und-befristete-ausnahmen	public/css/style.css
server/public/css/style.css	2298	.draft-pool-player		width	100%	css-ownership	component-owner	player-selection-actions	components/controls.md#strukturziele-mit-44-px	public/css/style.css
server/public/css/style.css	2370	.collapsible-section-header		min-height	var(--tap-target-size)	css-ownership	component-owner	structural-disclosure	components/controls.md#strukturziele-mit-44-px	public/css/style.css
server/public/css/style.css	2402	.tournament-list-card		width	100%	css-ownership	component-owner	structural-cards	components/controls.md#strukturziele-mit-44-px	public/css/style.css
server/public/css/style.css	2403	.tournament-list-card		min-height	calc(var(--row-min-h) + var(--space-4))	css-ownership	component-owner	structural-cards	components/controls.md#strukturziele-mit-44-px	public/css/style.css
server/public/css/style.css	2517	.tournament-drag-player		width	100%	css-ownership	component-owner	player-selection-actions	components/controls.md#strukturziele-mit-44-px	public/css/style.css
server/public/css/style.css	2520	.tournament-drag-player		border-radius	var(--radius-sm)	css-ownership	component-owner	player-selection-actions	components/controls.md#strukturziele-mit-44-px	public/css/style.css
server/public/css/style.css	2523	.tournament-drag-player		font-size	inherit	css-ownership	component-owner	player-selection-actions	components/controls.md#strukturziele-mit-44-px	public/css/style.css
server/public/css/style.css	2621	.tournament-lobby-copy		width	var(--tap-target-size)	css-ownership	component-owner	row-icons	components/controls.md#tokens-und-einzeilige-controls	public/css/style.css
server/public/css/style.css	2622	.tournament-lobby-copy		min-height	var(--control-height)	css-ownership	component-owner	row-icons	components/controls.md#tokens-und-einzeilige-controls	public/css/style.css
server/public/css/style.css	2685	.dt-date-input		width	100%	css-ownership	component-owner	date-fields	components/controls.md#tokens-und-einzeilige-controls	public/css/style.css
server/public/css/style.css	2686	.dt-date-input		border-radius	var(--radius-sm)	css-ownership	component-owner	date-fields	components/controls.md#tokens-und-einzeilige-controls	public/css/style.css
server/public/css/style.css	2692	.dt-calendar-btn		width	var(--tap-target-size)	css-ownership	component-owner	date-fields	components/controls.md#tokens-und-einzeilige-controls	public/css/style.css
server/public/css/style.css	2693	.dt-calendar-btn		min-height	var(--control-height)	css-ownership	component-owner	date-fields	components/controls.md#tokens-und-einzeilige-controls	public/css/style.css
server/public/css/style.css	2694	.dt-calendar-btn		padding	0	css-ownership	component-owner	date-fields	components/controls.md#tokens-und-einzeilige-controls	public/css/style.css
server/public/css/style.css	2696	.dt-calendar-btn		border-radius	var(--radius-sm)	css-ownership	component-owner	date-fields	components/controls.md#tokens-und-einzeilige-controls	public/css/style.css
server/public/css/style.css	2708	.dt-time-input		width	88px	css-ownership	component-owner	date-fields	components/controls.md#tokens-und-einzeilige-controls	public/css/style.css
server/public/css/style.css	2756	.dt-popover-month-year select		min-width	0	css-ownership	permanent-variant	calendar-month-fields	components/date-time-field.md#11-permanente-varianten-und-befristete-ausnahmen	public/css/style.css
server/public/css/style.css	2757	.dt-popover-month-year select		padding	var(--space-1) var(--space-2)	css-ownership	permanent-variant	calendar-month-fields	components/date-time-field.md#11-permanente-varianten-und-befristete-ausnahmen	public/css/style.css
server/public/css/style.css	2758	.dt-popover-month-year select		font-size	var(--font-size-sm)	css-ownership	permanent-variant	calendar-month-fields	components/date-time-field.md#11-permanente-varianten-und-befristete-ausnahmen	public/css/style.css
server/public/css/style.css	2789	.dt-day		width	100%	css-ownership	component-owner	calendar-days	components/controls.md#strukturziele-mit-44-px	public/css/style.css
server/public/css/style.css	2793	.dt-day		border-radius	var(--radius-sm)	css-ownership	component-owner	calendar-days	components/controls.md#strukturziele-mit-44-px	public/css/style.css
server/public/css/style.css	2795	.dt-day		font-size	var(--font-size-sm)	css-ownership	component-owner	calendar-days	components/controls.md#strukturziele-mit-44-px	public/css/style.css
server/public/css/style.css	2813	.dt-day-today		box-shadow	inset 0 0 0 1px var(--accent)	css-ownership	component-owner	calendar-days	components/controls.md#strukturziele-mit-44-px	public/css/style.css
server/public/css/style.css	2823	.dt-popover .btn-block		class	btn-block	modifier	component-owner	button-width	components/controls.md#tokens-und-einzeilige-controls	public/css/style.css
server/public/css/style.css	2836	.dt-time-input		width	auto	css-ownership	component-owner	date-fields	components/controls.md#tokens-und-einzeilige-controls	public/css/style.css
server/public/css/style.css	3044	.info-tooltip-trigger		width	var(--tap-target-size)	css-ownership	component-owner	info-trigger	components/controls.md#tokens-und-einzeilige-controls	public/css/style.css
server/public/css/style.css	3045	.info-tooltip-trigger		min-height	var(--control-height)	css-ownership	component-owner	info-trigger	components/controls.md#tokens-und-einzeilige-controls	public/css/style.css
server/public/css/style.css	3046	.info-tooltip-trigger		min-width	var(--tap-target-size)	css-ownership	component-owner	info-trigger	components/controls.md#tokens-und-einzeilige-controls	public/css/style.css
server/public/css/style.css	3047	.info-tooltip-trigger		line-height	var(--control-line-height)	css-ownership	component-owner	info-trigger	components/controls.md#tokens-und-einzeilige-controls	public/css/style.css
server/public/css/style.css	3051	.info-tooltip-trigger		padding	var(--space-1)	css-ownership	component-owner	info-trigger	components/controls.md#tokens-und-einzeilige-controls	public/css/style.css
server/public/css/style.css	3053	.info-tooltip-trigger		border-radius	var(--radius-sm)	css-ownership	component-owner	info-trigger	components/controls.md#tokens-und-einzeilige-controls	public/css/style.css
server/public/css/style.css	3112	.card		border-radius	var(--radius)	css-ownership	component-owner	structural-cards	components/controls.md#strukturziele-mit-44-px	public/css/style.css
server/public/css/style.css	3113	.card		padding	var(--card-padding)	css-ownership	component-owner	structural-cards	components/controls.md#strukturziele-mit-44-px	public/css/style.css
server/public/css/style.css	3116	.card		box-shadow	inset 0 1px 0 rgba(255, 255, 255, 0.03)	css-ownership	component-owner	structural-cards	components/controls.md#strukturziele-mit-44-px	public/css/style.css
server/public/css/style.css	3150	.list-row		width	100%	css-ownership	component-owner	structural-cards	components/controls.md#strukturziele-mit-44-px	public/css/style.css
server/public/css/style.css	3153	.list-row		min-height	var(--row-min-h)	css-ownership	component-owner	structural-cards	components/controls.md#strukturziele-mit-44-px	public/css/style.css
server/public/css/style.css	3186	.home-current-navigate		min-width	0	css-ownership	component-owner	structural-cards	components/controls.md#strukturziele-mit-44-px	public/css/style.css
server/public/css/style.css	3187	.home-current-navigate		min-height	var(--row-min-h)	css-ownership	component-owner	structural-cards	components/controls.md#strukturziele-mit-44-px	public/css/style.css
server/public/css/style.css	3189	.home-current-navigate		padding	var(--card-padding)	css-ownership	component-owner	structural-cards	components/controls.md#strukturziele-mit-44-px	public/css/style.css
server/public/css/style.css	3203	.home-current-dismiss		width	var(--tap-target-size)	css-ownership	component-owner	row-icons	components/controls.md#tokens-und-einzeilige-controls	public/css/style.css
server/public/css/style.css	3204	.home-current-dismiss		min-height	var(--control-height)	css-ownership	component-owner	row-icons	components/controls.md#tokens-und-einzeilige-controls	public/css/style.css
server/public/css/style.css	3224	.more-card		min-height	calc(var(--row-min-h) + var(--space-5))	css-ownership	component-owner	structural-cards	components/controls.md#strukturziele-mit-44-px	public/css/style.css
server/public/css/style.css	3226	.more-card		padding	var(--space-5)	css-ownership	component-owner	structural-cards	components/controls.md#strukturziele-mit-44-px	public/css/style.css
server/public/css/style.css	3379	.game-icon-btn		width	var(--tap-target-size)	css-ownership	component-owner	row-icons	components/controls.md#tokens-und-einzeilige-controls	public/css/style.css
server/public/css/style.css	3380	.game-icon-btn		min-height	var(--control-height)	css-ownership	component-owner	row-icons	components/controls.md#tokens-und-einzeilige-controls	public/css/style.css
server/public/css/style.css	3381	.game-icon-btn		border-radius	var(--radius-sm)	css-ownership	component-owner	row-icons	components/controls.md#tokens-und-einzeilige-controls	public/css/style.css
server/public/css/style.css	3457	.skill-suggestion-chip		padding	0	css-ownership	component-owner	rating-suggestion	components/controls.md#zusatzklassen-und-zusammengesetzte-controls	public/css/style.css
server/public/css/style.css	3458	.skill-suggestion-chip		font-size	var(--font-size-xs)	css-ownership	component-owner	rating-suggestion	components/controls.md#zusatzklassen-und-zusammengesetzte-controls	public/css/style.css
server/public/css/style.css	3464	.skill-suggestion-chip .ui-icon		width	14px	internal-icon	permanent-variant	rating-suggestion-glyph	components/controls.md#11-permanente-varianten-und-befristete-ausnahmen	public/css/style.css
server/public/css/style.css	3465	.skill-suggestion-chip .ui-icon		height	14px	internal-icon	permanent-variant	rating-suggestion-glyph	components/controls.md#11-permanente-varianten-und-befristete-ausnahmen	public/css/style.css
server/public/css/style.css	3492	.arrival-note-input		min-height	var(--control-height)	css-ownership	component-owner	arrival-controls	components/controls.md#tokens-und-einzeilige-controls	public/css/style.css
server/public/css/style.css	3570	.arrivals-carpool-actions .btn		width	100%	css-ownership	permanent-variant	arrival-action-width	components/controls.md#11-permanente-varianten-und-befristete-ausnahmen	public/css/style.css
server/public/css/style.css	3583	.arrivals-free-seat-row .btn		width	calc(var(--space-8) + var(--space-8))	css-ownership	permanent-variant	arrival-action-width	components/controls.md#11-permanente-varianten-und-befristete-ausnahmen	public/css/style.css
server/public/css/style.css	3613	.arrivals-sort-button		min-height	var(--control-height)	css-ownership	component-owner	arrival-controls	components/controls.md#tokens-und-einzeilige-controls	public/css/style.css
server/public/css/style.css	3616	.arrivals-sort-button		min-width	0	css-ownership	component-owner	arrival-controls	components/controls.md#tokens-und-einzeilige-controls	public/css/style.css
server/public/css/style.css	3617	.arrivals-sort-button		padding	0	css-ownership	component-owner	arrival-controls	components/controls.md#tokens-und-einzeilige-controls	public/css/style.css
server/public/css/style.css	3630	.arrivals-sort-button .ui-icon		width	1em	internal-icon	permanent-variant	arrival-sort-glyph	components/controls.md#11-permanente-varianten-und-befristete-ausnahmen	public/css/style.css
server/public/css/style.css	3631	.arrivals-sort-button .ui-icon		height	1em	internal-icon	permanent-variant	arrival-sort-glyph	components/controls.md#11-permanente-varianten-und-befristete-ausnahmen	public/css/style.css
server/public/css/style.css	3699	.arrivals-mobile-sort .arrivals-sort-button		min-height	var(--control-height)	css-ownership	permanent-variant	arrival-sort-mobile	components/controls.md#11-permanente-varianten-und-befristete-ausnahmen	public/css/style.css
server/public/css/style.css	3700	.arrivals-mobile-sort .arrivals-sort-button		padding	6px var(--space-3)	css-ownership	permanent-variant	arrival-sort-mobile	components/controls.md#11-permanente-varianten-und-befristete-ausnahmen	public/css/style.css
server/public/css/style.css	3702	.arrivals-mobile-sort .arrivals-sort-button		border-radius	var(--radius-sm)	css-ownership	permanent-variant	arrival-sort-mobile	components/controls.md#11-permanente-varianten-und-befristete-ausnahmen	public/css/style.css
server/public/css/style.css	3704	.arrivals-mobile-sort .arrivals-sort-button		font-size	var(--font-size-sm)	css-ownership	permanent-variant	arrival-sort-mobile	components/controls.md#11-permanente-varianten-und-befristete-ausnahmen	public/css/style.css
server/public/css/style.css	3746	.invite-link-row .btn		white-space	nowrap	css-ownership	permanent-variant	invite-link-controls	components/controls.md#11-permanente-varianten-und-befristete-ausnahmen	public/css/style.css
server/public/css/style.css	3746	.invite-link-row > input		white-space	nowrap	css-ownership	permanent-variant	invite-link-controls	components/controls.md#11-permanente-varianten-und-befristete-ausnahmen	public/css/style.css
server/public/css/style.css	3792	.invite-link-field		font-size	var(--font-size-xs)	css-ownership	component-owner	invite-link-field	components/controls.md#11-permanente-varianten-und-befristete-ausnahmen	public/css/style.css
server/public/css/style.css	3912	.chip		border-radius	var(--radius-full)	css-ownership	component-owner	filter-chip	components/controls.md#tokens-und-einzeilige-controls	public/css/style.css
server/public/css/style.css	3913	.chip		padding	var(--space-1) var(--space-3)	css-ownership	component-owner	filter-chip	components/controls.md#tokens-und-einzeilige-controls	public/css/style.css
server/public/css/style.css	3914	.chip		font-size	var(--font-size-sm)	css-ownership	component-owner	filter-chip	components/controls.md#tokens-und-einzeilige-controls	public/css/style.css
server/public/css/style.css	3921	button.chip		min-height	var(--control-height)	css-ownership	permanent-variant	interactive-chip	components/controls.md#11-permanente-varianten-und-befristete-ausnahmen	public/css/style.css
server/public/css/style.css	3940	.btn-ready		class	btn-ready	modifier	component-owner	button-meaning	components/controls.md#tokens-und-einzeilige-controls	public/css/style.css
server/public/js/actionMenu.js	8	summary.btn.btn-sm		class	btn	markup-class	component-owner	button	components/controls.md#tokens-und-einzeilige-controls	public/css/style.css
server/public/js/actionMenu.js	8	summary.btn.btn-sm		class	btn-sm	modifier	component-owner	button-small	components/controls.md#tokens-und-einzeilige-controls	public/css/style.css
server/public/js/app.js	575	button.btn		class	btn	markup-class	component-owner	button	components/controls.md#tokens-und-einzeilige-controls	public/css/style.css
server/public/js/arcade/arcadeSound.js	187	button.btn.btn-sm.arcade-mute-btn		class	arcade-mute-btn	markup-class	component-owner	arcade-mute	components/controls.md#tokens-und-einzeilige-controls	public/css/arcade.css
server/public/js/arcade/arcadeSound.js	187	button.btn.btn-sm.arcade-mute-btn		class	btn	markup-class	component-owner	button	components/controls.md#tokens-und-einzeilige-controls	public/css/style.css
server/public/js/arcade/arcadeSound.js	187			class	btn-sm	literal-modifier	component-owner	button-small	components/controls.md#tokens-und-einzeilige-controls	public/css/style.css
server/public/js/arcade/arcadeSound.js	187	button.btn.btn-sm.arcade-mute-btn		class	btn-sm	modifier	component-owner	button-small	components/controls.md#tokens-und-einzeilige-controls	public/css/style.css
server/public/js/arcade/arcadeUi.js	66	button.btn.btn-sm		class	btn	markup-class	component-owner	button	components/controls.md#tokens-und-einzeilige-controls	public/css/style.css
server/public/js/arcade/arcadeUi.js	66	button.btn.btn-sm		class	btn-sm	modifier	component-owner	button-small	components/controls.md#tokens-und-einzeilige-controls	public/css/style.css
server/public/js/arcade/lobbyReady.js	114	button.btn.btn-sm.btn-equal.btn-ready		class	btn	markup-class	component-owner	button	components/controls.md#tokens-und-einzeilige-controls	public/css/style.css
server/public/js/arcade/lobbyReady.js	114	button.btn.btn-sm.btn-equal.btn-ready		class	btn-equal	modifier	component-owner	button-width	components/controls.md#tokens-und-einzeilige-controls	public/css/style.css
server/public/js/arcade/lobbyReady.js	114	button.btn.btn-sm.btn-equal.btn-ready		class	btn-ready	modifier	component-owner	button-meaning	components/controls.md#tokens-und-einzeilige-controls	public/css/style.css
server/public/js/arcade/lobbyReady.js	114	button.btn.btn-sm.btn-equal.btn-ready		class	btn-sm	modifier	component-owner	button-small	components/controls.md#tokens-und-einzeilige-controls	public/css/style.css
server/public/js/arcade/lobbyReady.js	115	button.btn.btn-sm.btn-equal.btn-primary		class	btn	markup-class	component-owner	button	components/controls.md#tokens-und-einzeilige-controls	public/css/style.css
server/public/js/arcade/lobbyReady.js	115	button.btn.btn-sm.btn-equal.btn-primary		class	btn-equal	modifier	component-owner	button-width	components/controls.md#tokens-und-einzeilige-controls	public/css/style.css
server/public/js/arcade/lobbyReady.js	115	button.btn.btn-sm.btn-equal.btn-primary		class	btn-primary	modifier	component-owner	button-meaning	components/controls.md#tokens-und-einzeilige-controls	public/css/style.css
server/public/js/arcade/lobbyReady.js	115	button.btn.btn-sm.btn-equal.btn-primary		class	btn-sm	modifier	component-owner	button-small	components/controls.md#tokens-und-einzeilige-controls	public/css/style.css
server/public/js/arcade/views/arcade.js	271		emptyStateHtml.className	className	empty-state-compact	empty-state-presentation	component-owner	empty-state-compact	components/empty-state.md#11-permanente-varianten-und-befristete-ausnahmen	public/css/style.css
server/public/js/arcade/views/arcade.js	279		emptyStateHtml.className	className	empty-state-compact	empty-state-presentation	component-owner	empty-state-compact	components/empty-state.md#11-permanente-varianten-und-befristete-ausnahmen	public/css/style.css
server/public/js/arcade/views/arcade.js	297		emptyStateHtml.className	className	empty-state-compact	empty-state-presentation	component-owner	empty-state-compact	components/empty-state.md#11-permanente-varianten-und-befristete-ausnahmen	public/css/style.css
server/public/js/arcade/views/arcade.js	299		emptyStateHtml.className	className	empty-state-compact	empty-state-presentation	component-owner	empty-state-compact	components/empty-state.md#11-permanente-varianten-und-befristete-ausnahmen	public/css/style.css
server/public/js/arcade/views/arcade.js	369	button.btn.btn-primary.btn-sm		class	btn	markup-class	component-owner	button	components/controls.md#tokens-und-einzeilige-controls	public/css/style.css
server/public/js/arcade/views/arcade.js	369	button.btn.btn-primary.btn-sm		class	btn-primary	modifier	component-owner	button-meaning	components/controls.md#tokens-und-einzeilige-controls	public/css/style.css
server/public/js/arcade/views/arcade.js	369	button.btn.btn-primary.btn-sm		class	btn-sm	modifier	component-owner	button-small	components/controls.md#tokens-und-einzeilige-controls	public/css/style.css
server/public/js/arcade/views/arcade.js	434		emptyStateHtml.className	className	empty-state-compact	empty-state-presentation	component-owner	empty-state-compact	components/empty-state.md#11-permanente-varianten-und-befristete-ausnahmen	public/css/style.css
server/public/js/arcade/views/arcade.js	447	button.btn.btn-sm.btn-equal.btn-primary		class	btn	markup-class	component-owner	button	components/controls.md#tokens-und-einzeilige-controls	public/css/style.css
server/public/js/arcade/views/arcade.js	447	button.btn.btn-sm.btn-equal.btn-primary		class	btn-equal	modifier	component-owner	button-width	components/controls.md#tokens-und-einzeilige-controls	public/css/style.css
server/public/js/arcade/views/arcade.js	447	button.btn.btn-sm.btn-equal.btn-primary		class	btn-primary	modifier	component-owner	button-meaning	components/controls.md#tokens-und-einzeilige-controls	public/css/style.css
server/public/js/arcade/views/arcade.js	447	button.btn.btn-sm.btn-equal.btn-primary		class	btn-sm	modifier	component-owner	button-small	components/controls.md#tokens-und-einzeilige-controls	public/css/style.css
server/public/js/arcade/views/arcade.js	449	button.btn.btn-sm.btn-equal.btn-danger		class	btn	markup-class	component-owner	button	components/controls.md#tokens-und-einzeilige-controls	public/css/style.css
server/public/js/arcade/views/arcade.js	449	button.btn.btn-sm.btn-equal.btn-danger		class	btn-danger	modifier	component-owner	button-meaning	components/controls.md#tokens-und-einzeilige-controls	public/css/style.css
server/public/js/arcade/views/arcade.js	449	button.btn.btn-sm.btn-equal.btn-danger		class	btn-equal	modifier	component-owner	button-width	components/controls.md#tokens-und-einzeilige-controls	public/css/style.css
server/public/js/arcade/views/arcade.js	449	button.btn.btn-sm.btn-equal.btn-danger		class	btn-sm	modifier	component-owner	button-small	components/controls.md#tokens-und-einzeilige-controls	public/css/style.css
server/public/js/arcade/views/arcade.js	454	button.btn.btn-sm.btn-primary		class	btn	markup-class	component-owner	button	components/controls.md#tokens-und-einzeilige-controls	public/css/style.css
server/public/js/arcade/views/arcade.js	454	button.btn.btn-sm.btn-primary		class	btn-primary	modifier	component-owner	button-meaning	components/controls.md#tokens-und-einzeilige-controls	public/css/style.css
server/public/js/arcade/views/arcade.js	454	button.btn.btn-sm.btn-primary		class	btn-sm	modifier	component-owner	button-small	components/controls.md#tokens-und-einzeilige-controls	public/css/style.css
server/public/js/arcade/views/arcade.js	474			class	btn-equal	literal-modifier	component-owner	button-width	components/controls.md#tokens-und-einzeilige-controls	public/css/style.css
server/public/js/arcade/views/arcade.js	474			class	btn-sm	literal-modifier	component-owner	button-small	components/controls.md#tokens-und-einzeilige-controls	public/css/style.css
server/public/js/arcade/views/arcade.js	476	button.btn.btn-sm.btn-equal.btn-danger		class	btn	markup-class	component-owner	button	components/controls.md#tokens-und-einzeilige-controls	public/css/style.css
server/public/js/arcade/views/arcade.js	476	button.btn.btn-sm.btn-equal.btn-danger		class	btn-danger	modifier	component-owner	button-meaning	components/controls.md#tokens-und-einzeilige-controls	public/css/style.css
server/public/js/arcade/views/arcade.js	476	button.btn.btn-sm.btn-equal.btn-danger		class	btn-equal	modifier	component-owner	button-width	components/controls.md#tokens-und-einzeilige-controls	public/css/style.css
server/public/js/arcade/views/arcade.js	476	button.btn.btn-sm.btn-equal.btn-danger		class	btn-sm	modifier	component-owner	button-small	components/controls.md#tokens-und-einzeilige-controls	public/css/style.css
server/public/js/arcade/views/arcade.js	483	button.btn.btn-sm.btn-equal.btn-primary		class	btn	markup-class	component-owner	button	components/controls.md#tokens-und-einzeilige-controls	public/css/style.css
server/public/js/arcade/views/arcade.js	483			class	btn-equal	literal-modifier	component-owner	button-width	components/controls.md#tokens-und-einzeilige-controls	public/css/style.css
server/public/js/arcade/views/arcade.js	483	button.btn.btn-sm.btn-equal.btn-primary		class	btn-equal	modifier	component-owner	button-width	components/controls.md#tokens-und-einzeilige-controls	public/css/style.css
server/public/js/arcade/views/arcade.js	483	button.btn.btn-sm.btn-equal.btn-primary		class	btn-primary	modifier	component-owner	button-meaning	components/controls.md#tokens-und-einzeilige-controls	public/css/style.css
server/public/js/arcade/views/arcade.js	483			class	btn-sm	literal-modifier	component-owner	button-small	components/controls.md#tokens-und-einzeilige-controls	public/css/style.css
server/public/js/arcade/views/arcade.js	483	button.btn.btn-sm.btn-equal.btn-primary		class	btn-sm	modifier	component-owner	button-small	components/controls.md#tokens-und-einzeilige-controls	public/css/style.css
server/public/js/arcade/views/arcade.js	484	button.btn.btn-sm.btn-equal		class	btn	markup-class	component-owner	button	components/controls.md#tokens-und-einzeilige-controls	public/css/style.css
server/public/js/arcade/views/arcade.js	484	button.btn.btn-sm.btn-equal		class	btn-equal	modifier	component-owner	button-width	components/controls.md#tokens-und-einzeilige-controls	public/css/style.css
server/public/js/arcade/views/arcade.js	484			class	btn-sm	literal-modifier	component-owner	button-small	components/controls.md#tokens-und-einzeilige-controls	public/css/style.css
server/public/js/arcade/views/arcade.js	484	button.btn.btn-sm.btn-equal		class	btn-sm	modifier	component-owner	button-small	components/controls.md#tokens-und-einzeilige-controls	public/css/style.css
server/public/js/arcade/views/arcade.js	486	button.btn.btn-sm.btn-equal.btn-danger		class	btn	markup-class	component-owner	button	components/controls.md#tokens-und-einzeilige-controls	public/css/style.css
server/public/js/arcade/views/arcade.js	486	button.btn.btn-sm.btn-equal.btn-danger		class	btn-danger	modifier	component-owner	button-meaning	components/controls.md#tokens-und-einzeilige-controls	public/css/style.css
server/public/js/arcade/views/arcade.js	486	button.btn.btn-sm.btn-equal.btn-danger		class	btn-equal	modifier	component-owner	button-width	components/controls.md#tokens-und-einzeilige-controls	public/css/style.css
server/public/js/arcade/views/arcade.js	486	button.btn.btn-sm.btn-equal.btn-danger		class	btn-sm	modifier	component-owner	button-small	components/controls.md#tokens-und-einzeilige-controls	public/css/style.css
server/public/js/arcade/views/arcade.js	516	button.btn.btn-primary		class	btn	markup-class	component-owner	button	components/controls.md#tokens-und-einzeilige-controls	public/css/style.css
server/public/js/arcade/views/arcade.js	516	button.btn.btn-primary		class	btn-primary	modifier	component-owner	button-meaning	components/controls.md#tokens-und-einzeilige-controls	public/css/style.css
server/public/js/arcade/views/arcade.js	520		emptyStateHtml.style	style	margin-top:var(--space-3);	empty-state-presentation	component-owner	empty-state	components/empty-state.md#11-permanente-varianten-und-befristete-ausnahmen	public/css/style.css
server/public/js/arcade/views/arcade.js	521		emptyStateHtml.style	style	margin-top:var(--space-3);	empty-state-presentation	component-owner	empty-state	components/empty-state.md#11-permanente-varianten-und-befristete-ausnahmen	public/css/style.css
server/public/js/arcade/views/arcade.js	613	button.card.arcade-tile		class	arcade-tile	markup-class	component-owner	arcade-tile	components/controls.md#strukturziele-mit-44-px	public/css/arcade.css
server/public/js/arcade/views/arcade.js	613	button.card.arcade-tile		class	card	markup-class	component-owner	structural-cards	components/controls.md#strukturziele-mit-44-px	public/css/style.css
server/public/js/arcade/views/arcade.js	638	button.btn.btn-sm.btn-primary		class	btn	markup-class	component-owner	button	components/controls.md#tokens-und-einzeilige-controls	public/css/style.css
server/public/js/arcade/views/arcade.js	638	button.btn.btn-sm.btn-primary		class	btn-primary	modifier	component-owner	button-meaning	components/controls.md#tokens-und-einzeilige-controls	public/css/style.css
server/public/js/arcade/views/arcade.js	638	button.btn.btn-sm.btn-primary		class	btn-sm	modifier	component-owner	button-small	components/controls.md#tokens-und-einzeilige-controls	public/css/style.css
server/public/js/arcade/views/arcade.js	783	button.btn.btn-primary.btn-block		class	btn	markup-class	component-owner	button	components/controls.md#tokens-und-einzeilige-controls	public/css/style.css
server/public/js/arcade/views/arcade.js	783	button.btn.btn-primary.btn-block		class	btn-block	modifier	component-owner	button-width	components/controls.md#tokens-und-einzeilige-controls	public/css/style.css
server/public/js/arcade/views/arcade.js	783			class	btn-primary	literal-modifier	component-owner	button-meaning	components/controls.md#tokens-und-einzeilige-controls	public/css/style.css
server/public/js/arcade/views/arcade.js	783	button.btn.btn-primary.btn-block		class	btn-primary	modifier	component-owner	button-meaning	components/controls.md#tokens-und-einzeilige-controls	public/css/style.css
server/public/js/arcade/views/arcade.js	853	button.btn.btn-sm.btn-equal.btn-primary		class	btn	markup-class	component-owner	button	components/controls.md#tokens-und-einzeilige-controls	public/css/style.css
server/public/js/arcade/views/arcade.js	853			class	btn-equal	literal-modifier	component-owner	button-width	components/controls.md#tokens-und-einzeilige-controls	public/css/style.css
server/public/js/arcade/views/arcade.js	853	button.btn.btn-sm.btn-equal.btn-primary		class	btn-equal	modifier	component-owner	button-width	components/controls.md#tokens-und-einzeilige-controls	public/css/style.css
server/public/js/arcade/views/arcade.js	853	button.btn.btn-sm.btn-equal.btn-primary		class	btn-primary	modifier	component-owner	button-meaning	components/controls.md#tokens-und-einzeilige-controls	public/css/style.css
server/public/js/arcade/views/arcade.js	853			class	btn-sm	literal-modifier	component-owner	button-small	components/controls.md#tokens-und-einzeilige-controls	public/css/style.css
server/public/js/arcade/views/arcade.js	853	button.btn.btn-sm.btn-equal.btn-primary		class	btn-sm	modifier	component-owner	button-small	components/controls.md#tokens-und-einzeilige-controls	public/css/style.css
server/public/js/arcade/views/arcade.js	854	button.btn.btn-sm.btn-equal		class	btn	markup-class	component-owner	button	components/controls.md#tokens-und-einzeilige-controls	public/css/style.css
server/public/js/arcade/views/arcade.js	854	button.btn.btn-sm.btn-equal		class	btn-equal	modifier	component-owner	button-width	components/controls.md#tokens-und-einzeilige-controls	public/css/style.css
server/public/js/arcade/views/arcade.js	854			class	btn-sm	literal-modifier	component-owner	button-small	components/controls.md#tokens-und-einzeilige-controls	public/css/style.css
server/public/js/arcade/views/arcade.js	854	button.btn.btn-sm.btn-equal		class	btn-sm	modifier	component-owner	button-small	components/controls.md#tokens-und-einzeilige-controls	public/css/style.css
server/public/js/arcade/views/arcadeScribble.js	458			class	btn-primary	literal-modifier	component-owner	button-meaning	components/controls.md#tokens-und-einzeilige-controls	public/css/style.css
server/public/js/arcade/views/arcadeScribble.js	460			class	btn-primary	literal-modifier	component-owner	button-meaning	components/controls.md#tokens-und-einzeilige-controls	public/css/style.css
server/public/js/arcade/views/arcadeScribble.js	461			class	btn-primary	literal-modifier	component-owner	button-meaning	components/controls.md#tokens-und-einzeilige-controls	public/css/style.css
server/public/js/arcade/views/arcadeScribble.js	468	button.scribble-swatch		class	scribble-swatch	markup-class	component-owner	scribble-tools	components/controls.md#zusatzklassen-und-zusammengesetzte-controls	public/css/arcade.css
server/public/js/arcade/views/arcadeScribble.js	472	button.btn.btn-sm.scribble-size-btn		class	btn	markup-class	component-owner	button	components/controls.md#tokens-und-einzeilige-controls	public/css/style.css
server/public/js/arcade/views/arcadeScribble.js	472			class	btn-primary	literal-modifier	component-owner	button-meaning	components/controls.md#tokens-und-einzeilige-controls	public/css/style.css
server/public/js/arcade/views/arcadeScribble.js	472	button.btn.btn-sm.scribble-size-btn		class	btn-sm	modifier	component-owner	button-small	components/controls.md#tokens-und-einzeilige-controls	public/css/style.css
server/public/js/arcade/views/arcadeScribble.js	472	button.btn.btn-sm.scribble-size-btn		class	scribble-size-btn	markup-class	component-owner	scribble-tools	components/controls.md#zusatzklassen-und-zusammengesetzte-controls	public/css/arcade.css
server/public/js/arcade/views/arcadeScribble.js	479	button.btn.btn-sm		class	btn	markup-class	component-owner	button	components/controls.md#tokens-und-einzeilige-controls	public/css/style.css
server/public/js/arcade/views/arcadeScribble.js	479			class	btn-primary	literal-modifier	component-owner	button-meaning	components/controls.md#tokens-und-einzeilige-controls	public/css/style.css
server/public/js/arcade/views/arcadeScribble.js	479	button.btn.btn-sm		class	btn-sm	modifier	component-owner	button-small	components/controls.md#tokens-und-einzeilige-controls	public/css/style.css
server/public/js/arcade/views/arcadeScribble.js	480	button.btn.btn-sm		class	btn	markup-class	component-owner	button	components/controls.md#tokens-und-einzeilige-controls	public/css/style.css
server/public/js/arcade/views/arcadeScribble.js	480			class	btn-primary	literal-modifier	component-owner	button-meaning	components/controls.md#tokens-und-einzeilige-controls	public/css/style.css
server/public/js/arcade/views/arcadeScribble.js	480	button.btn.btn-sm		class	btn-sm	modifier	component-owner	button-small	components/controls.md#tokens-und-einzeilige-controls	public/css/style.css
server/public/js/arcade/views/arcadeScribble.js	481	button.btn.btn-sm.btn-equal		class	btn	markup-class	component-owner	button	components/controls.md#tokens-und-einzeilige-controls	public/css/style.css
server/public/js/arcade/views/arcadeScribble.js	481	button.btn.btn-sm.btn-equal		class	btn-equal	modifier	component-owner	button-width	components/controls.md#tokens-und-einzeilige-controls	public/css/style.css
server/public/js/arcade/views/arcadeScribble.js	481	button.btn.btn-sm.btn-equal		class	btn-sm	modifier	component-owner	button-small	components/controls.md#tokens-und-einzeilige-controls	public/css/style.css
server/public/js/arcade/views/arcadeScribble.js	482	button.btn.btn-sm.btn-equal.btn-danger		class	btn	markup-class	component-owner	button	components/controls.md#tokens-und-einzeilige-controls	public/css/style.css
server/public/js/arcade/views/arcadeScribble.js	482	button.btn.btn-sm.btn-equal.btn-danger		class	btn-danger	modifier	component-owner	button-meaning	components/controls.md#tokens-und-einzeilige-controls	public/css/style.css
server/public/js/arcade/views/arcadeScribble.js	482	button.btn.btn-sm.btn-equal.btn-danger		class	btn-equal	modifier	component-owner	button-width	components/controls.md#tokens-und-einzeilige-controls	public/css/style.css
server/public/js/arcade/views/arcadeScribble.js	482	button.btn.btn-sm.btn-equal.btn-danger		class	btn-sm	modifier	component-owner	button-small	components/controls.md#tokens-und-einzeilige-controls	public/css/style.css
server/public/js/arcade/views/arcadeScribble.js	507	button.btn.btn-block.scribble-word-choice-btn		class	btn	markup-class	component-owner	button	components/controls.md#tokens-und-einzeilige-controls	public/css/style.css
server/public/js/arcade/views/arcadeScribble.js	507	button.btn.btn-block.scribble-word-choice-btn		class	btn-block	modifier	component-owner	button-width	components/controls.md#tokens-und-einzeilige-controls	public/css/style.css
server/public/js/arcade/views/arcadeScribble.js	507	button.btn.btn-block.scribble-word-choice-btn		class	scribble-word-choice-btn	markup-class	component-owner	scribble-word-choice	components/controls.md#strukturziele-mit-44-px	public/css/arcade.css
server/public/js/arcade/views/arcadeScribble.js	520			class	btn-equal	literal-modifier	component-owner	button-width	components/controls.md#tokens-und-einzeilige-controls	public/css/style.css
server/public/js/arcade/views/arcadeScribble.js	520			class	btn-sm	literal-modifier	component-owner	button-small	components/controls.md#tokens-und-einzeilige-controls	public/css/style.css
server/public/js/arcade/views/arcadeScribble.js	522	button.btn.btn-sm.btn-equal.btn-danger		class	btn	markup-class	component-owner	button	components/controls.md#tokens-und-einzeilige-controls	public/css/style.css
server/public/js/arcade/views/arcadeScribble.js	522	button.btn.btn-sm.btn-equal.btn-danger		class	btn-danger	modifier	component-owner	button-meaning	components/controls.md#tokens-und-einzeilige-controls	public/css/style.css
server/public/js/arcade/views/arcadeScribble.js	522	button.btn.btn-sm.btn-equal.btn-danger		class	btn-equal	modifier	component-owner	button-width	components/controls.md#tokens-und-einzeilige-controls	public/css/style.css
server/public/js/arcade/views/arcadeScribble.js	522	button.btn.btn-sm.btn-equal.btn-danger		class	btn-sm	modifier	component-owner	button-small	components/controls.md#tokens-und-einzeilige-controls	public/css/style.css
server/public/js/arcade/views/arcadeScribble.js	530	button.btn.btn-sm.btn-equal.btn-primary		class	btn	markup-class	component-owner	button	components/controls.md#tokens-und-einzeilige-controls	public/css/style.css
server/public/js/arcade/views/arcadeScribble.js	530			class	btn-equal	literal-modifier	component-owner	button-width	components/controls.md#tokens-und-einzeilige-controls	public/css/style.css
server/public/js/arcade/views/arcadeScribble.js	530	button.btn.btn-sm.btn-equal.btn-primary		class	btn-equal	modifier	component-owner	button-width	components/controls.md#tokens-und-einzeilige-controls	public/css/style.css
server/public/js/arcade/views/arcadeScribble.js	530	button.btn.btn-sm.btn-equal.btn-primary		class	btn-primary	modifier	component-owner	button-meaning	components/controls.md#tokens-und-einzeilige-controls	public/css/style.css
server/public/js/arcade/views/arcadeScribble.js	530			class	btn-sm	literal-modifier	component-owner	button-small	components/controls.md#tokens-und-einzeilige-controls	public/css/style.css
server/public/js/arcade/views/arcadeScribble.js	530	button.btn.btn-sm.btn-equal.btn-primary		class	btn-sm	modifier	component-owner	button-small	components/controls.md#tokens-und-einzeilige-controls	public/css/style.css
server/public/js/arcade/views/arcadeScribble.js	531	button.btn.btn-sm.btn-equal		class	btn	markup-class	component-owner	button	components/controls.md#tokens-und-einzeilige-controls	public/css/style.css
server/public/js/arcade/views/arcadeScribble.js	531	button.btn.btn-sm.btn-equal		class	btn-equal	modifier	component-owner	button-width	components/controls.md#tokens-und-einzeilige-controls	public/css/style.css
server/public/js/arcade/views/arcadeScribble.js	531			class	btn-sm	literal-modifier	component-owner	button-small	components/controls.md#tokens-und-einzeilige-controls	public/css/style.css
server/public/js/arcade/views/arcadeScribble.js	531	button.btn.btn-sm.btn-equal		class	btn-sm	modifier	component-owner	button-small	components/controls.md#tokens-und-einzeilige-controls	public/css/style.css
server/public/js/arcade/views/arcadeScribble.js	533	button.btn.btn-sm.btn-equal.btn-danger		class	btn	markup-class	component-owner	button	components/controls.md#tokens-und-einzeilige-controls	public/css/style.css
server/public/js/arcade/views/arcadeScribble.js	533	button.btn.btn-sm.btn-equal.btn-danger		class	btn-danger	modifier	component-owner	button-meaning	components/controls.md#tokens-und-einzeilige-controls	public/css/style.css
server/public/js/arcade/views/arcadeScribble.js	533	button.btn.btn-sm.btn-equal.btn-danger		class	btn-equal	modifier	component-owner	button-width	components/controls.md#tokens-und-einzeilige-controls	public/css/style.css
server/public/js/arcade/views/arcadeScribble.js	533	button.btn.btn-sm.btn-equal.btn-danger		class	btn-sm	modifier	component-owner	button-small	components/controls.md#tokens-und-einzeilige-controls	public/css/style.css
server/public/js/arcade/views/arcadeScribble.js	549	button.btn		class	btn	markup-class	component-owner	button	components/controls.md#tokens-und-einzeilige-controls	public/css/style.css
server/public/js/arcade/views/arcadeScribble.js	549			class	btn-primary	literal-modifier	component-owner	button-meaning	components/controls.md#tokens-und-einzeilige-controls	public/css/style.css
server/public/js/arcade/views/arcadeScribble.js	580	button.btn.btn-primary		class	btn	markup-class	component-owner	button	components/controls.md#tokens-und-einzeilige-controls	public/css/style.css
server/public/js/arcade/views/arcadeScribble.js	580	button.btn.btn-primary		class	btn-primary	modifier	component-owner	button-meaning	components/controls.md#tokens-und-einzeilige-controls	public/css/style.css
server/public/js/arcade/views/arcadeScribble.js	591	button.btn.btn-primary		class	btn	markup-class	component-owner	button	components/controls.md#tokens-und-einzeilige-controls	public/css/style.css
server/public/js/arcade/views/arcadeScribble.js	591	button.btn.btn-primary		class	btn-primary	modifier	component-owner	button-meaning	components/controls.md#tokens-und-einzeilige-controls	public/css/style.css
server/public/js/arcade/views/arcadeScribble.js	603	button.btn.btn-sm		class	btn	markup-class	component-owner	button	components/controls.md#tokens-und-einzeilige-controls	public/css/style.css
server/public/js/arcade/views/arcadeScribble.js	603			class	btn-primary	literal-modifier	component-owner	button-meaning	components/controls.md#tokens-und-einzeilige-controls	public/css/style.css
server/public/js/arcade/views/arcadeScribble.js	603	button.btn.btn-sm		class	btn-sm	modifier	component-owner	button-small	components/controls.md#tokens-und-einzeilige-controls	public/css/style.css
server/public/js/arcade/views/arcadeScribble.js	898		emptyStateHtml.className	className	empty-state-compact	empty-state-presentation	component-owner	empty-state-compact	components/empty-state.md#11-permanente-varianten-und-befristete-ausnahmen	public/css/style.css
server/public/js/arcade/views/arcadeScribble.js	926	button.btn.btn-sm.btn-equal.btn-primary		class	btn	markup-class	component-owner	button	components/controls.md#tokens-und-einzeilige-controls	public/css/style.css
server/public/js/arcade/views/arcadeScribble.js	926	button.btn.btn-sm.btn-equal.btn-primary		class	btn-equal	modifier	component-owner	button-width	components/controls.md#tokens-und-einzeilige-controls	public/css/style.css
server/public/js/arcade/views/arcadeScribble.js	926	button.btn.btn-sm.btn-equal.btn-primary		class	btn-primary	modifier	component-owner	button-meaning	components/controls.md#tokens-und-einzeilige-controls	public/css/style.css
server/public/js/arcade/views/arcadeScribble.js	926	button.btn.btn-sm.btn-equal.btn-primary		class	btn-sm	modifier	component-owner	button-small	components/controls.md#tokens-und-einzeilige-controls	public/css/style.css
server/public/js/arcade/views/arcadeScribble.js	928	button.btn.btn-sm.btn-equal.btn-danger		class	btn	markup-class	component-owner	button	components/controls.md#tokens-und-einzeilige-controls	public/css/style.css
server/public/js/arcade/views/arcadeScribble.js	928	button.btn.btn-sm.btn-equal.btn-danger		class	btn-danger	modifier	component-owner	button-meaning	components/controls.md#tokens-und-einzeilige-controls	public/css/style.css
server/public/js/arcade/views/arcadeScribble.js	928	button.btn.btn-sm.btn-equal.btn-danger		class	btn-equal	modifier	component-owner	button-width	components/controls.md#tokens-und-einzeilige-controls	public/css/style.css
server/public/js/arcade/views/arcadeScribble.js	928	button.btn.btn-sm.btn-equal.btn-danger		class	btn-sm	modifier	component-owner	button-small	components/controls.md#tokens-und-einzeilige-controls	public/css/style.css
server/public/js/arcade/views/arcadeScribble.js	930	button.btn.btn-sm.btn-equal.btn-danger		class	btn	markup-class	component-owner	button	components/controls.md#tokens-und-einzeilige-controls	public/css/style.css
server/public/js/arcade/views/arcadeScribble.js	930	button.btn.btn-sm.btn-equal.btn-danger		class	btn-danger	modifier	component-owner	button-meaning	components/controls.md#tokens-und-einzeilige-controls	public/css/style.css
server/public/js/arcade/views/arcadeScribble.js	930	button.btn.btn-sm.btn-equal.btn-danger		class	btn-equal	modifier	component-owner	button-width	components/controls.md#tokens-und-einzeilige-controls	public/css/style.css
server/public/js/arcade/views/arcadeScribble.js	930	button.btn.btn-sm.btn-equal.btn-danger		class	btn-sm	modifier	component-owner	button-small	components/controls.md#tokens-und-einzeilige-controls	public/css/style.css
server/public/js/arcade/views/arcadeScribble.js	934	button.btn.btn-sm.btn-primary		class	btn	markup-class	component-owner	button	components/controls.md#tokens-und-einzeilige-controls	public/css/style.css
server/public/js/arcade/views/arcadeScribble.js	934	button.btn.btn-sm.btn-primary		class	btn-primary	modifier	component-owner	button-meaning	components/controls.md#tokens-und-einzeilige-controls	public/css/style.css
server/public/js/arcade/views/arcadeScribble.js	934	button.btn.btn-sm.btn-primary		class	btn-sm	modifier	component-owner	button-small	components/controls.md#tokens-und-einzeilige-controls	public/css/style.css
server/public/js/arcade/views/arcadeScribble.js	951	button.btn.btn-primary.btn-sm		class	btn	markup-class	component-owner	button	components/controls.md#tokens-und-einzeilige-controls	public/css/style.css
server/public/js/arcade/views/arcadeScribble.js	951	button.btn.btn-primary.btn-sm		class	btn-primary	modifier	component-owner	button-meaning	components/controls.md#tokens-und-einzeilige-controls	public/css/style.css
server/public/js/arcade/views/arcadeScribble.js	951	button.btn.btn-primary.btn-sm		class	btn-sm	modifier	component-owner	button-small	components/controls.md#tokens-und-einzeilige-controls	public/css/style.css
server/public/js/arcade/views/arcadeScribble.js	1063			class	btn-primary	literal-modifier	component-owner	button-meaning	components/controls.md#tokens-und-einzeilige-controls	public/css/style.css
server/public/js/arcade/views/arcadeScribble.js	1118			class	btn-primary	literal-modifier	component-owner	button-meaning	components/controls.md#tokens-und-einzeilige-controls	public/css/style.css
server/public/js/arcade/views/arcadeScribble.js	1232	button.btn.btn-sm.btn-equal.btn-primary		class	btn	markup-class	component-owner	button	components/controls.md#tokens-und-einzeilige-controls	public/css/style.css
server/public/js/arcade/views/arcadeScribble.js	1232			class	btn-equal	literal-modifier	component-owner	button-width	components/controls.md#tokens-und-einzeilige-controls	public/css/style.css
server/public/js/arcade/views/arcadeScribble.js	1232	button.btn.btn-sm.btn-equal.btn-primary		class	btn-equal	modifier	component-owner	button-width	components/controls.md#tokens-und-einzeilige-controls	public/css/style.css
server/public/js/arcade/views/arcadeScribble.js	1232	button.btn.btn-sm.btn-equal.btn-primary		class	btn-primary	modifier	component-owner	button-meaning	components/controls.md#tokens-und-einzeilige-controls	public/css/style.css
server/public/js/arcade/views/arcadeScribble.js	1232			class	btn-sm	literal-modifier	component-owner	button-small	components/controls.md#tokens-und-einzeilige-controls	public/css/style.css
server/public/js/arcade/views/arcadeScribble.js	1232	button.btn.btn-sm.btn-equal.btn-primary		class	btn-sm	modifier	component-owner	button-small	components/controls.md#tokens-und-einzeilige-controls	public/css/style.css
server/public/js/arcade/views/arcadeScribble.js	1233	button.btn.btn-sm.btn-equal		class	btn	markup-class	component-owner	button	components/controls.md#tokens-und-einzeilige-controls	public/css/style.css
server/public/js/arcade/views/arcadeScribble.js	1233	button.btn.btn-sm.btn-equal		class	btn-equal	modifier	component-owner	button-width	components/controls.md#tokens-und-einzeilige-controls	public/css/style.css
server/public/js/arcade/views/arcadeScribble.js	1233			class	btn-sm	literal-modifier	component-owner	button-small	components/controls.md#tokens-und-einzeilige-controls	public/css/style.css
server/public/js/arcade/views/arcadeScribble.js	1233	button.btn.btn-sm.btn-equal		class	btn-sm	modifier	component-owner	button-small	components/controls.md#tokens-und-einzeilige-controls	public/css/style.css
server/public/js/arcade/views/arcadeWatch.js	187	button.btn.btn-sm		class	btn	markup-class	component-owner	button	components/controls.md#tokens-und-einzeilige-controls	public/css/style.css
server/public/js/arcade/views/arcadeWatch.js	187			class	btn-primary	literal-modifier	component-owner	button-meaning	components/controls.md#tokens-und-einzeilige-controls	public/css/style.css
server/public/js/arcade/views/arcadeWatch.js	187	button.btn.btn-sm		class	btn-sm	modifier	component-owner	button-small	components/controls.md#tokens-und-einzeilige-controls	public/css/style.css
server/public/js/arcade/views/arcadeWatch.js	202			class	btn-primary	literal-modifier	component-owner	button-meaning	components/controls.md#tokens-und-einzeilige-controls	public/css/style.css
server/public/js/arcade/views/battleship.js	184	button.battleship-cell		class	battleship-cell	markup-class	component-owner	battleship-grid	components/controls.md#strukturziele-mit-44-px	public/css/style.css
server/public/js/arcade/views/battleship.js	202	button.btn.btn-sm		class	btn	markup-class	component-owner	button	components/controls.md#tokens-und-einzeilige-controls	public/css/style.css
server/public/js/arcade/views/battleship.js	202			class	btn-primary	literal-modifier	component-owner	button-meaning	components/controls.md#tokens-und-einzeilige-controls	public/css/style.css
server/public/js/arcade/views/battleship.js	202	button.btn.btn-sm		class	btn-sm	modifier	component-owner	button-small	components/controls.md#tokens-und-einzeilige-controls	public/css/style.css
server/public/js/arcade/views/battleship.js	205	button.btn.btn-sm		class	btn	markup-class	component-owner	button	components/controls.md#tokens-und-einzeilige-controls	public/css/style.css
server/public/js/arcade/views/battleship.js	205	button.btn.btn-sm		class	btn-sm	modifier	component-owner	button-small	components/controls.md#tokens-und-einzeilige-controls	public/css/style.css
server/public/js/arcade/views/battleship.js	206	button.btn.btn-sm		class	btn	markup-class	component-owner	button	components/controls.md#tokens-und-einzeilige-controls	public/css/style.css
server/public/js/arcade/views/battleship.js	206	button.btn.btn-sm		class	btn-sm	modifier	component-owner	button-small	components/controls.md#tokens-und-einzeilige-controls	public/css/style.css
server/public/js/arcade/views/battleship.js	207	button.btn.btn-sm		class	btn	markup-class	component-owner	button	components/controls.md#tokens-und-einzeilige-controls	public/css/style.css
server/public/js/arcade/views/battleship.js	207	button.btn.btn-sm		class	btn-sm	modifier	component-owner	button-small	components/controls.md#tokens-und-einzeilige-controls	public/css/style.css
server/public/js/arcade/views/battleship.js	212	button.btn.btn-primary		class	btn	markup-class	component-owner	button	components/controls.md#tokens-und-einzeilige-controls	public/css/style.css
server/public/js/arcade/views/battleship.js	212	button.btn.btn-primary		class	btn-primary	modifier	component-owner	button-meaning	components/controls.md#tokens-und-einzeilige-controls	public/css/style.css
server/public/js/arcade/views/battleship.js	235	button.battleship-cell		class	battleship-cell	markup-class	component-owner	battleship-grid	components/controls.md#strukturziele-mit-44-px	public/css/style.css
server/public/js/arcade/views/battleship.js	272	button.btn.btn-primary.btn-block		class	btn	markup-class	component-owner	button	components/controls.md#tokens-und-einzeilige-controls	public/css/style.css
server/public/js/arcade/views/battleship.js	272	button.btn.btn-primary.btn-block		class	btn-block	modifier	component-owner	button-width	components/controls.md#tokens-und-einzeilige-controls	public/css/style.css
server/public/js/arcade/views/battleship.js	272	button.btn.btn-primary.btn-block		class	btn-primary	modifier	component-owner	button-meaning	components/controls.md#tokens-und-einzeilige-controls	public/css/style.css
server/public/js/arcade/views/battleship.js	275	button.btn.btn-sm		class	btn	markup-class	component-owner	button	components/controls.md#tokens-und-einzeilige-controls	public/css/style.css
server/public/js/arcade/views/battleship.js	275	button.btn.btn-sm.btn-danger		class	btn	markup-class	component-owner	button	components/controls.md#tokens-und-einzeilige-controls	public/css/style.css
server/public/js/arcade/views/battleship.js	275	button.btn.btn-sm.btn-danger		class	btn	markup-class	component-owner	button	components/controls.md#tokens-und-einzeilige-controls	public/css/style.css
server/public/js/arcade/views/battleship.js	275	button.btn.btn-sm.btn-danger		class	btn-danger	modifier	component-owner	button-meaning	components/controls.md#tokens-und-einzeilige-controls	public/css/style.css
server/public/js/arcade/views/battleship.js	275	button.btn.btn-sm.btn-danger		class	btn-danger	modifier	component-owner	button-meaning	components/controls.md#tokens-und-einzeilige-controls	public/css/style.css
server/public/js/arcade/views/battleship.js	275			class	btn-sm	literal-modifier	component-owner	button-small	components/controls.md#tokens-und-einzeilige-controls	public/css/style.css
server/public/js/arcade/views/battleship.js	275	button.btn.btn-sm		class	btn-sm	modifier	component-owner	button-small	components/controls.md#tokens-und-einzeilige-controls	public/css/style.css
server/public/js/arcade/views/battleship.js	275	button.btn.btn-sm.btn-danger		class	btn-sm	modifier	component-owner	button-small	components/controls.md#tokens-und-einzeilige-controls	public/css/style.css
server/public/js/arcade/views/battleship.js	275	button.btn.btn-sm.btn-danger		class	btn-sm	modifier	component-owner	button-small	components/controls.md#tokens-und-einzeilige-controls	public/css/style.css
server/public/js/arcade/views/battleship.js	307	button.btn.btn-primary.btn-block		class	btn	markup-class	component-owner	button	components/controls.md#tokens-und-einzeilige-controls	public/css/style.css
server/public/js/arcade/views/battleship.js	307	button.btn.btn-primary.btn-block		class	btn-block	modifier	component-owner	button-width	components/controls.md#tokens-und-einzeilige-controls	public/css/style.css
server/public/js/arcade/views/battleship.js	307	button.btn.btn-primary.btn-block		class	btn-primary	modifier	component-owner	button-meaning	components/controls.md#tokens-und-einzeilige-controls	public/css/style.css
server/public/js/arcade/views/battleship.js	426		emptyStateHtml.className	className	empty-state-compact	empty-state-presentation	component-owner	empty-state-compact	components/empty-state.md#11-permanente-varianten-und-befristete-ausnahmen	public/css/style.css
server/public/js/arcade/views/battleship.js	438	button.btn.btn-sm.btn-equal.btn-danger		class	btn	markup-class	component-owner	button	components/controls.md#tokens-und-einzeilige-controls	public/css/style.css
server/public/js/arcade/views/battleship.js	438	button.btn.btn-sm.btn-equal.btn-primary		class	btn	markup-class	component-owner	button	components/controls.md#tokens-und-einzeilige-controls	public/css/style.css
server/public/js/arcade/views/battleship.js	438	button.btn.btn-sm.btn-equal.btn-danger		class	btn-danger	modifier	component-owner	button-meaning	components/controls.md#tokens-und-einzeilige-controls	public/css/style.css
server/public/js/arcade/views/battleship.js	438	button.btn.btn-sm.btn-equal.btn-danger		class	btn-equal	modifier	component-owner	button-width	components/controls.md#tokens-und-einzeilige-controls	public/css/style.css
server/public/js/arcade/views/battleship.js	438	button.btn.btn-sm.btn-equal.btn-primary		class	btn-equal	modifier	component-owner	button-width	components/controls.md#tokens-und-einzeilige-controls	public/css/style.css
server/public/js/arcade/views/battleship.js	438	button.btn.btn-sm.btn-equal.btn-primary		class	btn-primary	modifier	component-owner	button-meaning	components/controls.md#tokens-und-einzeilige-controls	public/css/style.css
server/public/js/arcade/views/battleship.js	438	button.btn.btn-sm.btn-equal.btn-danger		class	btn-sm	modifier	component-owner	button-small	components/controls.md#tokens-und-einzeilige-controls	public/css/style.css
server/public/js/arcade/views/battleship.js	438	button.btn.btn-sm.btn-equal.btn-primary		class	btn-sm	modifier	component-owner	button-small	components/controls.md#tokens-und-einzeilige-controls	public/css/style.css
server/public/js/arcade/views/battleship.js	440	button.btn.btn-sm.btn-equal.btn-danger		class	btn	markup-class	component-owner	button	components/controls.md#tokens-und-einzeilige-controls	public/css/style.css
server/public/js/arcade/views/battleship.js	440	button.btn.btn-sm.btn-equal.btn-danger		class	btn-danger	modifier	component-owner	button-meaning	components/controls.md#tokens-und-einzeilige-controls	public/css/style.css
server/public/js/arcade/views/battleship.js	440	button.btn.btn-sm.btn-equal.btn-danger		class	btn-equal	modifier	component-owner	button-width	components/controls.md#tokens-und-einzeilige-controls	public/css/style.css
server/public/js/arcade/views/battleship.js	440	button.btn.btn-sm.btn-equal.btn-danger		class	btn-sm	modifier	component-owner	button-small	components/controls.md#tokens-und-einzeilige-controls	public/css/style.css
server/public/js/arcade/views/battleship.js	442	button.btn.btn-sm.btn-primary		class	btn	markup-class	component-owner	button	components/controls.md#tokens-und-einzeilige-controls	public/css/style.css
server/public/js/arcade/views/battleship.js	442	button.btn.btn-sm.btn-primary		class	btn-primary	modifier	component-owner	button-meaning	components/controls.md#tokens-und-einzeilige-controls	public/css/style.css
server/public/js/arcade/views/battleship.js	442	button.btn.btn-sm.btn-primary		class	btn-sm	modifier	component-owner	button-small	components/controls.md#tokens-und-einzeilige-controls	public/css/style.css
server/public/js/arcade/views/battleship.js	452	button.btn.btn-primary.btn-sm		class	btn	markup-class	component-owner	button	components/controls.md#tokens-und-einzeilige-controls	public/css/style.css
server/public/js/arcade/views/battleship.js	452	button.btn.btn-primary.btn-sm		class	btn-primary	modifier	component-owner	button-meaning	components/controls.md#tokens-und-einzeilige-controls	public/css/style.css
server/public/js/arcade/views/battleship.js	452	button.btn.btn-primary.btn-sm		class	btn-sm	modifier	component-owner	button-small	components/controls.md#tokens-und-einzeilige-controls	public/css/style.css
server/public/js/arcade/views/blobby.js	143	button.btn.btn-sm.btn-primary		class	btn	markup-class	component-owner	button	components/controls.md#tokens-und-einzeilige-controls	public/css/style.css
server/public/js/arcade/views/blobby.js	143	button.btn.btn-sm.btn-primary		class	btn-primary	modifier	component-owner	button-meaning	components/controls.md#tokens-und-einzeilige-controls	public/css/style.css
server/public/js/arcade/views/blobby.js	143	button.btn.btn-sm.btn-primary		class	btn-sm	modifier	component-owner	button-small	components/controls.md#tokens-und-einzeilige-controls	public/css/style.css
server/public/js/arcade/views/blobby.js	164		emptyStateHtml.className	className	empty-state-compact	empty-state-presentation	component-owner	empty-state-compact	components/empty-state.md#11-permanente-varianten-und-befristete-ausnahmen	public/css/style.css
server/public/js/arcade/views/blobby.js	180	button.btn.btn-sm.btn-equal.btn-primary		class	btn	markup-class	component-owner	button	components/controls.md#tokens-und-einzeilige-controls	public/css/style.css
server/public/js/arcade/views/blobby.js	180	button.btn.btn-sm.btn-equal.btn-primary		class	btn-equal	modifier	component-owner	button-width	components/controls.md#tokens-und-einzeilige-controls	public/css/style.css
server/public/js/arcade/views/blobby.js	180	button.btn.btn-sm.btn-equal.btn-primary		class	btn-primary	modifier	component-owner	button-meaning	components/controls.md#tokens-und-einzeilige-controls	public/css/style.css
server/public/js/arcade/views/blobby.js	180	button.btn.btn-sm.btn-equal.btn-primary		class	btn-sm	modifier	component-owner	button-small	components/controls.md#tokens-und-einzeilige-controls	public/css/style.css
server/public/js/arcade/views/blobby.js	182	button.btn.btn-sm.btn-equal.btn-danger		class	btn	markup-class	component-owner	button	components/controls.md#tokens-und-einzeilige-controls	public/css/style.css
server/public/js/arcade/views/blobby.js	182	button.btn.btn-sm.btn-equal.btn-danger		class	btn-danger	modifier	component-owner	button-meaning	components/controls.md#tokens-und-einzeilige-controls	public/css/style.css
server/public/js/arcade/views/blobby.js	182	button.btn.btn-sm.btn-equal.btn-danger		class	btn-equal	modifier	component-owner	button-width	components/controls.md#tokens-und-einzeilige-controls	public/css/style.css
server/public/js/arcade/views/blobby.js	182	button.btn.btn-sm.btn-equal.btn-danger		class	btn-sm	modifier	component-owner	button-small	components/controls.md#tokens-und-einzeilige-controls	public/css/style.css
server/public/js/arcade/views/blobby.js	184	button.btn.btn-sm.btn-equal.btn-danger		class	btn	markup-class	component-owner	button	components/controls.md#tokens-und-einzeilige-controls	public/css/style.css
server/public/js/arcade/views/blobby.js	184	button.btn.btn-sm.btn-equal.btn-danger		class	btn-danger	modifier	component-owner	button-meaning	components/controls.md#tokens-und-einzeilige-controls	public/css/style.css
server/public/js/arcade/views/blobby.js	184	button.btn.btn-sm.btn-equal.btn-danger		class	btn-equal	modifier	component-owner	button-width	components/controls.md#tokens-und-einzeilige-controls	public/css/style.css
server/public/js/arcade/views/blobby.js	184	button.btn.btn-sm.btn-equal.btn-danger		class	btn-sm	modifier	component-owner	button-small	components/controls.md#tokens-und-einzeilige-controls	public/css/style.css
server/public/js/arcade/views/blobby.js	189	button.btn.btn-sm.btn-primary		class	btn	markup-class	component-owner	button	components/controls.md#tokens-und-einzeilige-controls	public/css/style.css
server/public/js/arcade/views/blobby.js	189	button.btn.btn-sm.btn-primary		class	btn-primary	modifier	component-owner	button-meaning	components/controls.md#tokens-und-einzeilige-controls	public/css/style.css
server/public/js/arcade/views/blobby.js	189	button.btn.btn-sm.btn-primary		class	btn-sm	modifier	component-owner	button-small	components/controls.md#tokens-und-einzeilige-controls	public/css/style.css
server/public/js/arcade/views/blobby.js	224	button.btn.btn-primary.btn-sm		class	btn	markup-class	component-owner	button	components/controls.md#tokens-und-einzeilige-controls	public/css/style.css
server/public/js/arcade/views/blobby.js	224	button.btn.btn-primary.btn-sm		class	btn-primary	modifier	component-owner	button-meaning	components/controls.md#tokens-und-einzeilige-controls	public/css/style.css
server/public/js/arcade/views/blobby.js	224	button.btn.btn-primary.btn-sm		class	btn-sm	modifier	component-owner	button-small	components/controls.md#tokens-und-einzeilige-controls	public/css/style.css
server/public/js/arcade/views/blobby.js	391	button.btn.btn-primary		class	btn	markup-class	component-owner	button	components/controls.md#tokens-und-einzeilige-controls	public/css/style.css
server/public/js/arcade/views/blobby.js	391	button.btn.btn-primary		class	btn-primary	modifier	component-owner	button-meaning	components/controls.md#tokens-und-einzeilige-controls	public/css/style.css
server/public/js/arcade/views/blobby.js	399	button.btn.btn-sm.btn-equal.btn-danger		class	btn	markup-class	component-owner	button	components/controls.md#tokens-und-einzeilige-controls	public/css/style.css
server/public/js/arcade/views/blobby.js	399	button.btn.btn-sm.btn-equal.btn-danger		class	btn-danger	modifier	component-owner	button-meaning	components/controls.md#tokens-und-einzeilige-controls	public/css/style.css
server/public/js/arcade/views/blobby.js	399			class	btn-equal	literal-modifier	component-owner	button-width	components/controls.md#tokens-und-einzeilige-controls	public/css/style.css
server/public/js/arcade/views/blobby.js	399	button.btn.btn-sm.btn-equal.btn-danger		class	btn-equal	modifier	component-owner	button-width	components/controls.md#tokens-und-einzeilige-controls	public/css/style.css
server/public/js/arcade/views/blobby.js	399			class	btn-sm	literal-modifier	component-owner	button-small	components/controls.md#tokens-und-einzeilige-controls	public/css/style.css
server/public/js/arcade/views/blobby.js	399	button.btn.btn-sm.btn-equal.btn-danger		class	btn-sm	modifier	component-owner	button-small	components/controls.md#tokens-und-einzeilige-controls	public/css/style.css
server/public/js/arcade/views/blobby.js	401	button.btn.btn-sm.btn-equal		class	btn	markup-class	component-owner	button	components/controls.md#tokens-und-einzeilige-controls	public/css/style.css
server/public/js/arcade/views/blobby.js	401	button.btn.btn-sm.btn-equal.btn-danger		class	btn	markup-class	component-owner	button	components/controls.md#tokens-und-einzeilige-controls	public/css/style.css
server/public/js/arcade/views/blobby.js	401	button.btn.btn-sm.btn-equal.btn-primary		class	btn	markup-class	component-owner	button	components/controls.md#tokens-und-einzeilige-controls	public/css/style.css
server/public/js/arcade/views/blobby.js	401	button.btn.btn-sm.btn-equal.btn-danger		class	btn-danger	modifier	component-owner	button-meaning	components/controls.md#tokens-und-einzeilige-controls	public/css/style.css
server/public/js/arcade/views/blobby.js	401			class	btn-equal	literal-modifier	component-owner	button-width	components/controls.md#tokens-und-einzeilige-controls	public/css/style.css
server/public/js/arcade/views/blobby.js	401	button.btn.btn-sm.btn-equal		class	btn-equal	modifier	component-owner	button-width	components/controls.md#tokens-und-einzeilige-controls	public/css/style.css
server/public/js/arcade/views/blobby.js	401	button.btn.btn-sm.btn-equal.btn-danger		class	btn-equal	modifier	component-owner	button-width	components/controls.md#tokens-und-einzeilige-controls	public/css/style.css
server/public/js/arcade/views/blobby.js	401	button.btn.btn-sm.btn-equal.btn-primary		class	btn-equal	modifier	component-owner	button-width	components/controls.md#tokens-und-einzeilige-controls	public/css/style.css
server/public/js/arcade/views/blobby.js	401	button.btn.btn-sm.btn-equal.btn-primary		class	btn-primary	modifier	component-owner	button-meaning	components/controls.md#tokens-und-einzeilige-controls	public/css/style.css
server/public/js/arcade/views/blobby.js	401			class	btn-sm	literal-modifier	component-owner	button-small	components/controls.md#tokens-und-einzeilige-controls	public/css/style.css
server/public/js/arcade/views/blobby.js	401			class	btn-sm	literal-modifier	component-owner	button-small	components/controls.md#tokens-und-einzeilige-controls	public/css/style.css
server/public/js/arcade/views/blobby.js	401	button.btn.btn-sm.btn-equal		class	btn-sm	modifier	component-owner	button-small	components/controls.md#tokens-und-einzeilige-controls	public/css/style.css
server/public/js/arcade/views/blobby.js	401	button.btn.btn-sm.btn-equal.btn-danger		class	btn-sm	modifier	component-owner	button-small	components/controls.md#tokens-und-einzeilige-controls	public/css/style.css
server/public/js/arcade/views/blobby.js	401	button.btn.btn-sm.btn-equal.btn-primary		class	btn-sm	modifier	component-owner	button-small	components/controls.md#tokens-und-einzeilige-controls	public/css/style.css
server/public/js/arcade/views/blobby.js	461	button.btn.btn-sm.btn-equal.btn-primary		class	btn	markup-class	component-owner	button	components/controls.md#tokens-und-einzeilige-controls	public/css/style.css
server/public/js/arcade/views/blobby.js	461			class	btn-equal	literal-modifier	component-owner	button-width	components/controls.md#tokens-und-einzeilige-controls	public/css/style.css
server/public/js/arcade/views/blobby.js	461	button.btn.btn-sm.btn-equal.btn-primary		class	btn-equal	modifier	component-owner	button-width	components/controls.md#tokens-und-einzeilige-controls	public/css/style.css
server/public/js/arcade/views/blobby.js	461	button.btn.btn-sm.btn-equal.btn-primary		class	btn-primary	modifier	component-owner	button-meaning	components/controls.md#tokens-und-einzeilige-controls	public/css/style.css
server/public/js/arcade/views/blobby.js	461			class	btn-sm	literal-modifier	component-owner	button-small	components/controls.md#tokens-und-einzeilige-controls	public/css/style.css
server/public/js/arcade/views/blobby.js	461	button.btn.btn-sm.btn-equal.btn-primary		class	btn-sm	modifier	component-owner	button-small	components/controls.md#tokens-und-einzeilige-controls	public/css/style.css
server/public/js/arcade/views/blobby.js	462	button.btn.btn-sm.btn-equal		class	btn	markup-class	component-owner	button	components/controls.md#tokens-und-einzeilige-controls	public/css/style.css
server/public/js/arcade/views/blobby.js	462	button.btn.btn-sm.btn-equal		class	btn-equal	modifier	component-owner	button-width	components/controls.md#tokens-und-einzeilige-controls	public/css/style.css
server/public/js/arcade/views/blobby.js	462			class	btn-sm	literal-modifier	component-owner	button-small	components/controls.md#tokens-und-einzeilige-controls	public/css/style.css
server/public/js/arcade/views/blobby.js	462	button.btn.btn-sm.btn-equal		class	btn-sm	modifier	component-owner	button-small	components/controls.md#tokens-und-einzeilige-controls	public/css/style.css
server/public/js/arcade/views/challengeRush.js	238	button.btn.btn-sm		class	btn	markup-class	component-owner	button	components/controls.md#tokens-und-einzeilige-controls	public/css/style.css
server/public/js/arcade/views/challengeRush.js	238	button.btn.btn-sm		class	btn	markup-class	component-owner	button	components/controls.md#tokens-und-einzeilige-controls	public/css/style.css
server/public/js/arcade/views/challengeRush.js	238	button.btn.btn-sm		class	btn-sm	modifier	component-owner	button-small	components/controls.md#tokens-und-einzeilige-controls	public/css/style.css
server/public/js/arcade/views/challengeRush.js	238	button.btn.btn-sm		class	btn-sm	modifier	component-owner	button-small	components/controls.md#tokens-und-einzeilige-controls	public/css/style.css
server/public/js/arcade/views/challengeRush.js	256	button.btn.btn-sm.btn-equal.btn-danger		class	btn	markup-class	component-owner	button	components/controls.md#tokens-und-einzeilige-controls	public/css/style.css
server/public/js/arcade/views/challengeRush.js	256	button.btn.btn-sm.btn-equal.btn-primary		class	btn	markup-class	component-owner	button	components/controls.md#tokens-und-einzeilige-controls	public/css/style.css
server/public/js/arcade/views/challengeRush.js	256	button.btn.btn-sm.btn-equal.btn-danger		class	btn-danger	modifier	component-owner	button-meaning	components/controls.md#tokens-und-einzeilige-controls	public/css/style.css
server/public/js/arcade/views/challengeRush.js	256	button.btn.btn-sm.btn-equal.btn-danger		class	btn-equal	modifier	component-owner	button-width	components/controls.md#tokens-und-einzeilige-controls	public/css/style.css
server/public/js/arcade/views/challengeRush.js	256	button.btn.btn-sm.btn-equal.btn-primary		class	btn-equal	modifier	component-owner	button-width	components/controls.md#tokens-und-einzeilige-controls	public/css/style.css
server/public/js/arcade/views/challengeRush.js	256	button.btn.btn-sm.btn-equal.btn-primary		class	btn-primary	modifier	component-owner	button-meaning	components/controls.md#tokens-und-einzeilige-controls	public/css/style.css
server/public/js/arcade/views/challengeRush.js	256	button.btn.btn-sm.btn-equal.btn-danger		class	btn-sm	modifier	component-owner	button-small	components/controls.md#tokens-und-einzeilige-controls	public/css/style.css
server/public/js/arcade/views/challengeRush.js	256	button.btn.btn-sm.btn-equal.btn-primary		class	btn-sm	modifier	component-owner	button-small	components/controls.md#tokens-und-einzeilige-controls	public/css/style.css
server/public/js/arcade/views/challengeRush.js	258	button.btn.btn-sm.btn-equal.btn-danger		class	btn	markup-class	component-owner	button	components/controls.md#tokens-und-einzeilige-controls	public/css/style.css
server/public/js/arcade/views/challengeRush.js	258	button.btn.btn-sm.btn-equal.btn-danger		class	btn-danger	modifier	component-owner	button-meaning	components/controls.md#tokens-und-einzeilige-controls	public/css/style.css
server/public/js/arcade/views/challengeRush.js	258	button.btn.btn-sm.btn-equal.btn-danger		class	btn-equal	modifier	component-owner	button-width	components/controls.md#tokens-und-einzeilige-controls	public/css/style.css
server/public/js/arcade/views/challengeRush.js	258	button.btn.btn-sm.btn-equal.btn-danger		class	btn-sm	modifier	component-owner	button-small	components/controls.md#tokens-und-einzeilige-controls	public/css/style.css
server/public/js/arcade/views/challengeRush.js	263	button.btn.btn-sm.btn-primary		class	btn	markup-class	component-owner	button	components/controls.md#tokens-und-einzeilige-controls	public/css/style.css
server/public/js/arcade/views/challengeRush.js	263	button.btn.btn-sm.btn-primary		class	btn-primary	modifier	component-owner	button-meaning	components/controls.md#tokens-und-einzeilige-controls	public/css/style.css
server/public/js/arcade/views/challengeRush.js	263	button.btn.btn-sm.btn-primary		class	btn-sm	modifier	component-owner	button-small	components/controls.md#tokens-und-einzeilige-controls	public/css/style.css
server/public/js/arcade/views/challengeRush.js	274	button.btn.btn-primary.btn-sm		class	btn	markup-class	component-owner	button	components/controls.md#tokens-und-einzeilige-controls	public/css/style.css
server/public/js/arcade/views/challengeRush.js	274	button.btn.btn-primary.btn-sm		class	btn-primary	modifier	component-owner	button-meaning	components/controls.md#tokens-und-einzeilige-controls	public/css/style.css
server/public/js/arcade/views/challengeRush.js	274	button.btn.btn-primary.btn-sm		class	btn-sm	modifier	component-owner	button-small	components/controls.md#tokens-und-einzeilige-controls	public/css/style.css
server/public/js/arcade/views/challengeRush.js	274		emptyStateHtml.className	className	empty-state-compact	empty-state-presentation	component-owner	empty-state-compact	components/empty-state.md#11-permanente-varianten-und-befristete-ausnahmen	public/css/style.css
server/public/js/arcade/views/challengeRush.js	295	button.btn.btn-sm.btn-equal		class	btn	markup-class	component-owner	button	components/controls.md#tokens-und-einzeilige-controls	public/css/style.css
server/public/js/arcade/views/challengeRush.js	295	button.btn.btn-sm.btn-equal		class	btn-equal	modifier	component-owner	button-width	components/controls.md#tokens-und-einzeilige-controls	public/css/style.css
server/public/js/arcade/views/challengeRush.js	295	button.btn.btn-sm.btn-equal		class	btn-sm	modifier	component-owner	button-small	components/controls.md#tokens-und-einzeilige-controls	public/css/style.css
server/public/js/arcade/views/challengeRush.js	296	button.btn.btn-sm.btn-equal.btn-danger		class	btn	markup-class	component-owner	button	components/controls.md#tokens-und-einzeilige-controls	public/css/style.css
server/public/js/arcade/views/challengeRush.js	296	button.btn.btn-sm.btn-equal.btn-danger		class	btn-danger	modifier	component-owner	button-meaning	components/controls.md#tokens-und-einzeilige-controls	public/css/style.css
server/public/js/arcade/views/challengeRush.js	296			class	btn-equal	literal-modifier	component-owner	button-width	components/controls.md#tokens-und-einzeilige-controls	public/css/style.css
server/public/js/arcade/views/challengeRush.js	296	button.btn.btn-sm.btn-equal.btn-danger		class	btn-equal	modifier	component-owner	button-width	components/controls.md#tokens-und-einzeilige-controls	public/css/style.css
server/public/js/arcade/views/challengeRush.js	296			class	btn-sm	literal-modifier	component-owner	button-small	components/controls.md#tokens-und-einzeilige-controls	public/css/style.css
server/public/js/arcade/views/challengeRush.js	296	button.btn.btn-sm.btn-equal.btn-danger		class	btn-sm	modifier	component-owner	button-small	components/controls.md#tokens-und-einzeilige-controls	public/css/style.css
server/public/js/arcade/views/challengeRush.js	297	button.btn.btn-sm.btn-equal.btn-danger		class	btn	markup-class	component-owner	button	components/controls.md#tokens-und-einzeilige-controls	public/css/style.css
server/public/js/arcade/views/challengeRush.js	297	button.btn.btn-sm.btn-equal.btn-danger		class	btn-danger	modifier	component-owner	button-meaning	components/controls.md#tokens-und-einzeilige-controls	public/css/style.css
server/public/js/arcade/views/challengeRush.js	297			class	btn-equal	literal-modifier	component-owner	button-width	components/controls.md#tokens-und-einzeilige-controls	public/css/style.css
server/public/js/arcade/views/challengeRush.js	297	button.btn.btn-sm.btn-equal.btn-danger		class	btn-equal	modifier	component-owner	button-width	components/controls.md#tokens-und-einzeilige-controls	public/css/style.css
server/public/js/arcade/views/challengeRush.js	297			class	btn-sm	literal-modifier	component-owner	button-small	components/controls.md#tokens-und-einzeilige-controls	public/css/style.css
server/public/js/arcade/views/challengeRush.js	297	button.btn.btn-sm.btn-equal.btn-danger		class	btn-sm	modifier	component-owner	button-small	components/controls.md#tokens-und-einzeilige-controls	public/css/style.css
server/public/js/arcade/views/challengeRush.js	309	button.btn		class	btn	markup-class	component-owner	button	components/controls.md#tokens-und-einzeilige-controls	public/css/style.css
server/public/js/arcade/views/challengeRush.js	313	button.btn.challenge-rush-choice		class	btn	markup-class	component-owner	button	components/controls.md#tokens-und-einzeilige-controls	public/css/style.css
server/public/js/arcade/views/challengeRush.js	313	button.btn.challenge-rush-choice		class	challenge-rush-choice	markup-class	component-owner	challenge-targets	components/controls.md#strukturziele-mit-44-px	public/css/arcade.css
server/public/js/arcade/views/challengeRush.js	347	button.challenge-rush-circle		class	challenge-rush-circle	markup-class	component-owner	challenge-targets	components/controls.md#strukturziele-mit-44-px	public/css/arcade.css
server/public/js/arcade/views/challengeRush.js	348	button.challenge-rush-big-button		class	challenge-rush-big-button	markup-class	component-owner	challenge-targets	components/controls.md#strukturziele-mit-44-px	public/css/arcade.css
server/public/js/arcade/views/challengeRush.js	374	button.btn.btn-primary.btn-block		class	btn	markup-class	component-owner	button	components/controls.md#tokens-und-einzeilige-controls	public/css/style.css
server/public/js/arcade/views/challengeRush.js	374	button.btn.btn-primary.btn-block		class	btn-block	modifier	component-owner	button-width	components/controls.md#tokens-und-einzeilige-controls	public/css/style.css
server/public/js/arcade/views/challengeRush.js	374	button.btn.btn-primary.btn-block		class	btn-primary	modifier	component-owner	button-meaning	components/controls.md#tokens-und-einzeilige-controls	public/css/style.css
server/public/js/arcade/views/challengeRush.js	382	button.btn.btn-primary		class	btn	markup-class	component-owner	button	components/controls.md#tokens-und-einzeilige-controls	public/css/style.css
server/public/js/arcade/views/challengeRush.js	382	button.btn.btn-primary		class	btn-primary	modifier	component-owner	button-meaning	components/controls.md#tokens-und-einzeilige-controls	public/css/style.css
server/public/js/arcade/views/pong.js	141	button.btn.btn-sm.btn-primary		class	btn	markup-class	component-owner	button	components/controls.md#tokens-und-einzeilige-controls	public/css/style.css
server/public/js/arcade/views/pong.js	141	button.btn.btn-sm.btn-primary		class	btn-primary	modifier	component-owner	button-meaning	components/controls.md#tokens-und-einzeilige-controls	public/css/style.css
server/public/js/arcade/views/pong.js	141	button.btn.btn-sm.btn-primary		class	btn-sm	modifier	component-owner	button-small	components/controls.md#tokens-und-einzeilige-controls	public/css/style.css
server/public/js/arcade/views/pong.js	164		emptyStateHtml.className	className	empty-state-compact	empty-state-presentation	component-owner	empty-state-compact	components/empty-state.md#11-permanente-varianten-und-befristete-ausnahmen	public/css/style.css
server/public/js/arcade/views/pong.js	180	button.btn.btn-sm.btn-equal.btn-primary		class	btn	markup-class	component-owner	button	components/controls.md#tokens-und-einzeilige-controls	public/css/style.css
server/public/js/arcade/views/pong.js	180	button.btn.btn-sm.btn-equal.btn-primary		class	btn-equal	modifier	component-owner	button-width	components/controls.md#tokens-und-einzeilige-controls	public/css/style.css
server/public/js/arcade/views/pong.js	180	button.btn.btn-sm.btn-equal.btn-primary		class	btn-primary	modifier	component-owner	button-meaning	components/controls.md#tokens-und-einzeilige-controls	public/css/style.css
server/public/js/arcade/views/pong.js	180	button.btn.btn-sm.btn-equal.btn-primary		class	btn-sm	modifier	component-owner	button-small	components/controls.md#tokens-und-einzeilige-controls	public/css/style.css
server/public/js/arcade/views/pong.js	182	button.btn.btn-sm.btn-equal.btn-danger		class	btn	markup-class	component-owner	button	components/controls.md#tokens-und-einzeilige-controls	public/css/style.css
server/public/js/arcade/views/pong.js	182	button.btn.btn-sm.btn-equal.btn-danger		class	btn-danger	modifier	component-owner	button-meaning	components/controls.md#tokens-und-einzeilige-controls	public/css/style.css
server/public/js/arcade/views/pong.js	182	button.btn.btn-sm.btn-equal.btn-danger		class	btn-equal	modifier	component-owner	button-width	components/controls.md#tokens-und-einzeilige-controls	public/css/style.css
server/public/js/arcade/views/pong.js	182	button.btn.btn-sm.btn-equal.btn-danger		class	btn-sm	modifier	component-owner	button-small	components/controls.md#tokens-und-einzeilige-controls	public/css/style.css
server/public/js/arcade/views/pong.js	184	button.btn.btn-sm.btn-equal.btn-danger		class	btn	markup-class	component-owner	button	components/controls.md#tokens-und-einzeilige-controls	public/css/style.css
server/public/js/arcade/views/pong.js	184	button.btn.btn-sm.btn-equal.btn-danger		class	btn-danger	modifier	component-owner	button-meaning	components/controls.md#tokens-und-einzeilige-controls	public/css/style.css
server/public/js/arcade/views/pong.js	184	button.btn.btn-sm.btn-equal.btn-danger		class	btn-equal	modifier	component-owner	button-width	components/controls.md#tokens-und-einzeilige-controls	public/css/style.css
server/public/js/arcade/views/pong.js	184	button.btn.btn-sm.btn-equal.btn-danger		class	btn-sm	modifier	component-owner	button-small	components/controls.md#tokens-und-einzeilige-controls	public/css/style.css
server/public/js/arcade/views/pong.js	189	button.btn.btn-sm.btn-primary		class	btn	markup-class	component-owner	button	components/controls.md#tokens-und-einzeilige-controls	public/css/style.css
server/public/js/arcade/views/pong.js	189	button.btn.btn-sm.btn-primary		class	btn-primary	modifier	component-owner	button-meaning	components/controls.md#tokens-und-einzeilige-controls	public/css/style.css
server/public/js/arcade/views/pong.js	189	button.btn.btn-sm.btn-primary		class	btn-sm	modifier	component-owner	button-small	components/controls.md#tokens-und-einzeilige-controls	public/css/style.css
server/public/js/arcade/views/pong.js	226	button.btn.btn-primary.btn-sm		class	btn	markup-class	component-owner	button	components/controls.md#tokens-und-einzeilige-controls	public/css/style.css
server/public/js/arcade/views/pong.js	226	button.btn.btn-primary.btn-sm		class	btn-primary	modifier	component-owner	button-meaning	components/controls.md#tokens-und-einzeilige-controls	public/css/style.css
server/public/js/arcade/views/pong.js	226	button.btn.btn-primary.btn-sm		class	btn-sm	modifier	component-owner	button-small	components/controls.md#tokens-und-einzeilige-controls	public/css/style.css
server/public/js/arcade/views/pong.js	460	button.btn.btn-primary		class	btn	markup-class	component-owner	button	components/controls.md#tokens-und-einzeilige-controls	public/css/style.css
server/public/js/arcade/views/pong.js	460	button.btn.btn-primary		class	btn-primary	modifier	component-owner	button-meaning	components/controls.md#tokens-und-einzeilige-controls	public/css/style.css
server/public/js/arcade/views/pong.js	469	button.btn.btn-sm.btn-equal.btn-danger		class	btn	markup-class	component-owner	button	components/controls.md#tokens-und-einzeilige-controls	public/css/style.css
server/public/js/arcade/views/pong.js	469	button.btn.btn-sm.btn-equal.btn-danger		class	btn-danger	modifier	component-owner	button-meaning	components/controls.md#tokens-und-einzeilige-controls	public/css/style.css
server/public/js/arcade/views/pong.js	469			class	btn-equal	literal-modifier	component-owner	button-width	components/controls.md#tokens-und-einzeilige-controls	public/css/style.css
server/public/js/arcade/views/pong.js	469	button.btn.btn-sm.btn-equal.btn-danger		class	btn-equal	modifier	component-owner	button-width	components/controls.md#tokens-und-einzeilige-controls	public/css/style.css
server/public/js/arcade/views/pong.js	469			class	btn-sm	literal-modifier	component-owner	button-small	components/controls.md#tokens-und-einzeilige-controls	public/css/style.css
server/public/js/arcade/views/pong.js	469	button.btn.btn-sm.btn-equal.btn-danger		class	btn-sm	modifier	component-owner	button-small	components/controls.md#tokens-und-einzeilige-controls	public/css/style.css
server/public/js/arcade/views/pong.js	471	button.btn.btn-sm.btn-equal		class	btn	markup-class	component-owner	button	components/controls.md#tokens-und-einzeilige-controls	public/css/style.css
server/public/js/arcade/views/pong.js	471	button.btn.btn-sm.btn-equal.btn-danger		class	btn	markup-class	component-owner	button	components/controls.md#tokens-und-einzeilige-controls	public/css/style.css
server/public/js/arcade/views/pong.js	471	button.btn.btn-sm.btn-equal.btn-primary		class	btn	markup-class	component-owner	button	components/controls.md#tokens-und-einzeilige-controls	public/css/style.css
server/public/js/arcade/views/pong.js	471	button.btn.btn-sm.btn-equal.btn-danger		class	btn-danger	modifier	component-owner	button-meaning	components/controls.md#tokens-und-einzeilige-controls	public/css/style.css
server/public/js/arcade/views/pong.js	471			class	btn-equal	literal-modifier	component-owner	button-width	components/controls.md#tokens-und-einzeilige-controls	public/css/style.css
server/public/js/arcade/views/pong.js	471	button.btn.btn-sm.btn-equal		class	btn-equal	modifier	component-owner	button-width	components/controls.md#tokens-und-einzeilige-controls	public/css/style.css
server/public/js/arcade/views/pong.js	471	button.btn.btn-sm.btn-equal.btn-danger		class	btn-equal	modifier	component-owner	button-width	components/controls.md#tokens-und-einzeilige-controls	public/css/style.css
server/public/js/arcade/views/pong.js	471	button.btn.btn-sm.btn-equal.btn-primary		class	btn-equal	modifier	component-owner	button-width	components/controls.md#tokens-und-einzeilige-controls	public/css/style.css
server/public/js/arcade/views/pong.js	471	button.btn.btn-sm.btn-equal.btn-primary		class	btn-primary	modifier	component-owner	button-meaning	components/controls.md#tokens-und-einzeilige-controls	public/css/style.css
server/public/js/arcade/views/pong.js	471			class	btn-sm	literal-modifier	component-owner	button-small	components/controls.md#tokens-und-einzeilige-controls	public/css/style.css
server/public/js/arcade/views/pong.js	471			class	btn-sm	literal-modifier	component-owner	button-small	components/controls.md#tokens-und-einzeilige-controls	public/css/style.css
server/public/js/arcade/views/pong.js	471	button.btn.btn-sm.btn-equal		class	btn-sm	modifier	component-owner	button-small	components/controls.md#tokens-und-einzeilige-controls	public/css/style.css
server/public/js/arcade/views/pong.js	471	button.btn.btn-sm.btn-equal.btn-danger		class	btn-sm	modifier	component-owner	button-small	components/controls.md#tokens-und-einzeilige-controls	public/css/style.css
server/public/js/arcade/views/pong.js	471	button.btn.btn-sm.btn-equal.btn-primary		class	btn-sm	modifier	component-owner	button-small	components/controls.md#tokens-und-einzeilige-controls	public/css/style.css
server/public/js/arcade/views/pong.js	536	button.btn.btn-sm.btn-equal.btn-primary		class	btn	markup-class	component-owner	button	components/controls.md#tokens-und-einzeilige-controls	public/css/style.css
server/public/js/arcade/views/pong.js	536			class	btn-equal	literal-modifier	component-owner	button-width	components/controls.md#tokens-und-einzeilige-controls	public/css/style.css
server/public/js/arcade/views/pong.js	536	button.btn.btn-sm.btn-equal.btn-primary		class	btn-equal	modifier	component-owner	button-width	components/controls.md#tokens-und-einzeilige-controls	public/css/style.css
server/public/js/arcade/views/pong.js	536	button.btn.btn-sm.btn-equal.btn-primary		class	btn-primary	modifier	component-owner	button-meaning	components/controls.md#tokens-und-einzeilige-controls	public/css/style.css
server/public/js/arcade/views/pong.js	536			class	btn-sm	literal-modifier	component-owner	button-small	components/controls.md#tokens-und-einzeilige-controls	public/css/style.css
server/public/js/arcade/views/pong.js	536	button.btn.btn-sm.btn-equal.btn-primary		class	btn-sm	modifier	component-owner	button-small	components/controls.md#tokens-und-einzeilige-controls	public/css/style.css
server/public/js/arcade/views/pong.js	537	button.btn.btn-sm.btn-equal		class	btn	markup-class	component-owner	button	components/controls.md#tokens-und-einzeilige-controls	public/css/style.css
server/public/js/arcade/views/pong.js	537	button.btn.btn-sm.btn-equal		class	btn-equal	modifier	component-owner	button-width	components/controls.md#tokens-und-einzeilige-controls	public/css/style.css
server/public/js/arcade/views/pong.js	537			class	btn-sm	literal-modifier	component-owner	button-small	components/controls.md#tokens-und-einzeilige-controls	public/css/style.css
server/public/js/arcade/views/pong.js	537	button.btn.btn-sm.btn-equal		class	btn-sm	modifier	component-owner	button-small	components/controls.md#tokens-und-einzeilige-controls	public/css/style.css
server/public/js/arcade/views/snake.js	113		emptyStateHtml.className	className	empty-state-compact	empty-state-presentation	component-owner	empty-state-compact	components/empty-state.md#11-permanente-varianten-und-befristete-ausnahmen	public/css/style.css
server/public/js/arcade/views/snake.js	125	button.btn.btn-sm.btn-equal.btn-primary		class	btn	markup-class	component-owner	button	components/controls.md#tokens-und-einzeilige-controls	public/css/style.css
server/public/js/arcade/views/snake.js	125	button.btn.btn-sm.btn-equal.btn-primary		class	btn-equal	modifier	component-owner	button-width	components/controls.md#tokens-und-einzeilige-controls	public/css/style.css
server/public/js/arcade/views/snake.js	125	button.btn.btn-sm.btn-equal.btn-primary		class	btn-primary	modifier	component-owner	button-meaning	components/controls.md#tokens-und-einzeilige-controls	public/css/style.css
server/public/js/arcade/views/snake.js	125	button.btn.btn-sm.btn-equal.btn-primary		class	btn-sm	modifier	component-owner	button-small	components/controls.md#tokens-und-einzeilige-controls	public/css/style.css
server/public/js/arcade/views/snake.js	127	button.btn.btn-sm.btn-equal.btn-danger		class	btn	markup-class	component-owner	button	components/controls.md#tokens-und-einzeilige-controls	public/css/style.css
server/public/js/arcade/views/snake.js	127	button.btn.btn-sm.btn-equal.btn-danger		class	btn-danger	modifier	component-owner	button-meaning	components/controls.md#tokens-und-einzeilige-controls	public/css/style.css
server/public/js/arcade/views/snake.js	127	button.btn.btn-sm.btn-equal.btn-danger		class	btn-equal	modifier	component-owner	button-width	components/controls.md#tokens-und-einzeilige-controls	public/css/style.css
server/public/js/arcade/views/snake.js	127	button.btn.btn-sm.btn-equal.btn-danger		class	btn-sm	modifier	component-owner	button-small	components/controls.md#tokens-und-einzeilige-controls	public/css/style.css
server/public/js/arcade/views/snake.js	129	button.btn.btn-sm.btn-equal.btn-danger		class	btn	markup-class	component-owner	button	components/controls.md#tokens-und-einzeilige-controls	public/css/style.css
server/public/js/arcade/views/snake.js	129	button.btn.btn-sm.btn-equal.btn-danger		class	btn-danger	modifier	component-owner	button-meaning	components/controls.md#tokens-und-einzeilige-controls	public/css/style.css
server/public/js/arcade/views/snake.js	129	button.btn.btn-sm.btn-equal.btn-danger		class	btn-equal	modifier	component-owner	button-width	components/controls.md#tokens-und-einzeilige-controls	public/css/style.css
server/public/js/arcade/views/snake.js	129	button.btn.btn-sm.btn-equal.btn-danger		class	btn-sm	modifier	component-owner	button-small	components/controls.md#tokens-und-einzeilige-controls	public/css/style.css
server/public/js/arcade/views/snake.js	133	button.btn.btn-sm.btn-primary		class	btn	markup-class	component-owner	button	components/controls.md#tokens-und-einzeilige-controls	public/css/style.css
server/public/js/arcade/views/snake.js	133	button.btn.btn-sm.btn-primary		class	btn-primary	modifier	component-owner	button-meaning	components/controls.md#tokens-und-einzeilige-controls	public/css/style.css
server/public/js/arcade/views/snake.js	133	button.btn.btn-sm.btn-primary		class	btn-sm	modifier	component-owner	button-small	components/controls.md#tokens-und-einzeilige-controls	public/css/style.css
server/public/js/arcade/views/snake.js	153	button.btn.btn-primary.btn-sm		class	btn	markup-class	component-owner	button	components/controls.md#tokens-und-einzeilige-controls	public/css/style.css
server/public/js/arcade/views/snake.js	153	button.btn.btn-primary.btn-sm		class	btn-primary	modifier	component-owner	button-meaning	components/controls.md#tokens-und-einzeilige-controls	public/css/style.css
server/public/js/arcade/views/snake.js	153	button.btn.btn-primary.btn-sm		class	btn-sm	modifier	component-owner	button-small	components/controls.md#tokens-und-einzeilige-controls	public/css/style.css
server/public/js/arcade/views/snake.js	347	button.btn.btn-primary		class	btn	markup-class	component-owner	button	components/controls.md#tokens-und-einzeilige-controls	public/css/style.css
server/public/js/arcade/views/snake.js	347	button.btn.btn-primary		class	btn-primary	modifier	component-owner	button-meaning	components/controls.md#tokens-und-einzeilige-controls	public/css/style.css
server/public/js/arcade/views/snake.js	351	button.btn.btn-sm.btn-equal.btn-danger		class	btn	markup-class	component-owner	button	components/controls.md#tokens-und-einzeilige-controls	public/css/style.css
server/public/js/arcade/views/snake.js	351	button.btn.btn-sm.btn-equal.btn-danger		class	btn-danger	modifier	component-owner	button-meaning	components/controls.md#tokens-und-einzeilige-controls	public/css/style.css
server/public/js/arcade/views/snake.js	351			class	btn-equal	literal-modifier	component-owner	button-width	components/controls.md#tokens-und-einzeilige-controls	public/css/style.css
server/public/js/arcade/views/snake.js	351	button.btn.btn-sm.btn-equal.btn-danger		class	btn-equal	modifier	component-owner	button-width	components/controls.md#tokens-und-einzeilige-controls	public/css/style.css
server/public/js/arcade/views/snake.js	351			class	btn-sm	literal-modifier	component-owner	button-small	components/controls.md#tokens-und-einzeilige-controls	public/css/style.css
server/public/js/arcade/views/snake.js	351	button.btn.btn-sm.btn-equal.btn-danger		class	btn-sm	modifier	component-owner	button-small	components/controls.md#tokens-und-einzeilige-controls	public/css/style.css
server/public/js/arcade/views/snake.js	355	button.btn.btn-sm.btn-equal		class	btn	markup-class	component-owner	button	components/controls.md#tokens-und-einzeilige-controls	public/css/style.css
server/public/js/arcade/views/snake.js	355	button.btn.btn-sm.btn-equal.btn-danger		class	btn	markup-class	component-owner	button	components/controls.md#tokens-und-einzeilige-controls	public/css/style.css
server/public/js/arcade/views/snake.js	355	button.btn.btn-sm.btn-equal.btn-danger		class	btn-danger	modifier	component-owner	button-meaning	components/controls.md#tokens-und-einzeilige-controls	public/css/style.css
server/public/js/arcade/views/snake.js	355	button.btn.btn-sm.btn-equal		class	btn-equal	modifier	component-owner	button-width	components/controls.md#tokens-und-einzeilige-controls	public/css/style.css
server/public/js/arcade/views/snake.js	355	button.btn.btn-sm.btn-equal.btn-danger		class	btn-equal	modifier	component-owner	button-width	components/controls.md#tokens-und-einzeilige-controls	public/css/style.css
server/public/js/arcade/views/snake.js	355	button.btn.btn-sm.btn-equal		class	btn-sm	modifier	component-owner	button-small	components/controls.md#tokens-und-einzeilige-controls	public/css/style.css
server/public/js/arcade/views/snake.js	355	button.btn.btn-sm.btn-equal.btn-danger		class	btn-sm	modifier	component-owner	button-small	components/controls.md#tokens-und-einzeilige-controls	public/css/style.css
server/public/js/arcade/views/snake.js	357	button.btn.btn-sm.btn-equal.btn-danger		class	btn	markup-class	component-owner	button	components/controls.md#tokens-und-einzeilige-controls	public/css/style.css
server/public/js/arcade/views/snake.js	357	button.btn.btn-sm.btn-equal.btn-danger		class	btn-danger	modifier	component-owner	button-meaning	components/controls.md#tokens-und-einzeilige-controls	public/css/style.css
server/public/js/arcade/views/snake.js	357			class	btn-equal	literal-modifier	component-owner	button-width	components/controls.md#tokens-und-einzeilige-controls	public/css/style.css
server/public/js/arcade/views/snake.js	357	button.btn.btn-sm.btn-equal.btn-danger		class	btn-equal	modifier	component-owner	button-width	components/controls.md#tokens-und-einzeilige-controls	public/css/style.css
server/public/js/arcade/views/snake.js	357			class	btn-sm	literal-modifier	component-owner	button-small	components/controls.md#tokens-und-einzeilige-controls	public/css/style.css
server/public/js/arcade/views/snake.js	357	button.btn.btn-sm.btn-equal.btn-danger		class	btn-sm	modifier	component-owner	button-small	components/controls.md#tokens-und-einzeilige-controls	public/css/style.css
server/public/js/arcade/views/snake.js	408			class	btn-primary	literal-modifier	component-owner	button-meaning	components/controls.md#tokens-und-einzeilige-controls	public/css/style.css
server/public/js/arcade/views/tetris.js	451		emptyStateHtml.className	className	empty-state-compact	empty-state-presentation	component-owner	empty-state-compact	components/empty-state.md#11-permanente-varianten-und-befristete-ausnahmen	public/css/style.css
server/public/js/arcade/views/tetris.js	468	button.btn.btn-sm.btn-equal.btn-primary		class	btn	markup-class	component-owner	button	components/controls.md#tokens-und-einzeilige-controls	public/css/style.css
server/public/js/arcade/views/tetris.js	468	button.btn.btn-sm.btn-equal.btn-primary		class	btn-equal	modifier	component-owner	button-width	components/controls.md#tokens-und-einzeilige-controls	public/css/style.css
server/public/js/arcade/views/tetris.js	468	button.btn.btn-sm.btn-equal.btn-primary		class	btn-primary	modifier	component-owner	button-meaning	components/controls.md#tokens-und-einzeilige-controls	public/css/style.css
server/public/js/arcade/views/tetris.js	468	button.btn.btn-sm.btn-equal.btn-primary		class	btn-sm	modifier	component-owner	button-small	components/controls.md#tokens-und-einzeilige-controls	public/css/style.css
server/public/js/arcade/views/tetris.js	470	button.btn.btn-sm.btn-equal.btn-danger		class	btn	markup-class	component-owner	button	components/controls.md#tokens-und-einzeilige-controls	public/css/style.css
server/public/js/arcade/views/tetris.js	470	button.btn.btn-sm.btn-equal.btn-danger		class	btn-danger	modifier	component-owner	button-meaning	components/controls.md#tokens-und-einzeilige-controls	public/css/style.css
server/public/js/arcade/views/tetris.js	470	button.btn.btn-sm.btn-equal.btn-danger		class	btn-equal	modifier	component-owner	button-width	components/controls.md#tokens-und-einzeilige-controls	public/css/style.css
server/public/js/arcade/views/tetris.js	470	button.btn.btn-sm.btn-equal.btn-danger		class	btn-sm	modifier	component-owner	button-small	components/controls.md#tokens-und-einzeilige-controls	public/css/style.css
server/public/js/arcade/views/tetris.js	472	button.btn.btn-sm.btn-equal.btn-danger		class	btn	markup-class	component-owner	button	components/controls.md#tokens-und-einzeilige-controls	public/css/style.css
server/public/js/arcade/views/tetris.js	472	button.btn.btn-sm.btn-equal.btn-danger		class	btn-danger	modifier	component-owner	button-meaning	components/controls.md#tokens-und-einzeilige-controls	public/css/style.css
server/public/js/arcade/views/tetris.js	472	button.btn.btn-sm.btn-equal.btn-danger		class	btn-equal	modifier	component-owner	button-width	components/controls.md#tokens-und-einzeilige-controls	public/css/style.css
server/public/js/arcade/views/tetris.js	472	button.btn.btn-sm.btn-equal.btn-danger		class	btn-sm	modifier	component-owner	button-small	components/controls.md#tokens-und-einzeilige-controls	public/css/style.css
server/public/js/arcade/views/tetris.js	476	button.btn.btn-sm.btn-primary		class	btn	markup-class	component-owner	button	components/controls.md#tokens-und-einzeilige-controls	public/css/style.css
server/public/js/arcade/views/tetris.js	476	button.btn.btn-sm.btn-primary		class	btn-primary	modifier	component-owner	button-meaning	components/controls.md#tokens-und-einzeilige-controls	public/css/style.css
server/public/js/arcade/views/tetris.js	476	button.btn.btn-sm.btn-primary		class	btn-sm	modifier	component-owner	button-small	components/controls.md#tokens-und-einzeilige-controls	public/css/style.css
server/public/js/arcade/views/tetris.js	507	button.btn.btn-primary.btn-sm		class	btn	markup-class	component-owner	button	components/controls.md#tokens-und-einzeilige-controls	public/css/style.css
server/public/js/arcade/views/tetris.js	507	button.btn.btn-primary.btn-sm		class	btn-primary	modifier	component-owner	button-meaning	components/controls.md#tokens-und-einzeilige-controls	public/css/style.css
server/public/js/arcade/views/tetris.js	507	button.btn.btn-primary.btn-sm		class	btn-sm	modifier	component-owner	button-small	components/controls.md#tokens-und-einzeilige-controls	public/css/style.css
server/public/js/arcade/views/tetris.js	512	button.btn.btn-primary		class	btn	markup-class	component-owner	button	components/controls.md#tokens-und-einzeilige-controls	public/css/style.css
server/public/js/arcade/views/tetris.js	512	button.btn.btn-primary		class	btn-primary	modifier	component-owner	button-meaning	components/controls.md#tokens-und-einzeilige-controls	public/css/style.css
server/public/js/arcade/views/tetris.js	605	button.btn.btn-primary		class	btn	markup-class	component-owner	button	components/controls.md#tokens-und-einzeilige-controls	public/css/style.css
server/public/js/arcade/views/tetris.js	605	button.btn.btn-primary		class	btn-primary	modifier	component-owner	button-meaning	components/controls.md#tokens-und-einzeilige-controls	public/css/style.css
server/public/js/arcade/views/tetris.js	631			class	btn-equal	literal-modifier	component-owner	button-width	components/controls.md#tokens-und-einzeilige-controls	public/css/style.css
server/public/js/arcade/views/tetris.js	631			class	btn-sm	literal-modifier	component-owner	button-small	components/controls.md#tokens-und-einzeilige-controls	public/css/style.css
server/public/js/arcade/views/tetris.js	633	button.btn.btn-sm.btn-equal.btn-danger		class	btn	markup-class	component-owner	button	components/controls.md#tokens-und-einzeilige-controls	public/css/style.css
server/public/js/arcade/views/tetris.js	633	button.btn.btn-sm.btn-equal.btn-danger		class	btn-danger	modifier	component-owner	button-meaning	components/controls.md#tokens-und-einzeilige-controls	public/css/style.css
server/public/js/arcade/views/tetris.js	633	button.btn.btn-sm.btn-equal.btn-danger		class	btn-equal	modifier	component-owner	button-width	components/controls.md#tokens-und-einzeilige-controls	public/css/style.css
server/public/js/arcade/views/tetris.js	633	button.btn.btn-sm.btn-equal.btn-danger		class	btn-sm	modifier	component-owner	button-small	components/controls.md#tokens-und-einzeilige-controls	public/css/style.css
server/public/js/arcade/views/tetris.js	640	button.btn.btn-sm.btn-equal.btn-primary		class	btn	markup-class	component-owner	button	components/controls.md#tokens-und-einzeilige-controls	public/css/style.css
server/public/js/arcade/views/tetris.js	640			class	btn-equal	literal-modifier	component-owner	button-width	components/controls.md#tokens-und-einzeilige-controls	public/css/style.css
server/public/js/arcade/views/tetris.js	640	button.btn.btn-sm.btn-equal.btn-primary		class	btn-equal	modifier	component-owner	button-width	components/controls.md#tokens-und-einzeilige-controls	public/css/style.css
server/public/js/arcade/views/tetris.js	640	button.btn.btn-sm.btn-equal.btn-primary		class	btn-primary	modifier	component-owner	button-meaning	components/controls.md#tokens-und-einzeilige-controls	public/css/style.css
server/public/js/arcade/views/tetris.js	640			class	btn-sm	literal-modifier	component-owner	button-small	components/controls.md#tokens-und-einzeilige-controls	public/css/style.css
server/public/js/arcade/views/tetris.js	640	button.btn.btn-sm.btn-equal.btn-primary		class	btn-sm	modifier	component-owner	button-small	components/controls.md#tokens-und-einzeilige-controls	public/css/style.css
server/public/js/arcade/views/tetris.js	641	button.btn.btn-sm.btn-equal		class	btn	markup-class	component-owner	button	components/controls.md#tokens-und-einzeilige-controls	public/css/style.css
server/public/js/arcade/views/tetris.js	641	button.btn.btn-sm.btn-equal		class	btn-equal	modifier	component-owner	button-width	components/controls.md#tokens-und-einzeilige-controls	public/css/style.css
server/public/js/arcade/views/tetris.js	641			class	btn-sm	literal-modifier	component-owner	button-small	components/controls.md#tokens-und-einzeilige-controls	public/css/style.css
server/public/js/arcade/views/tetris.js	641	button.btn.btn-sm.btn-equal		class	btn-sm	modifier	component-owner	button-small	components/controls.md#tokens-und-einzeilige-controls	public/css/style.css
server/public/js/arcade/views/tetris.js	643	button.btn.btn-sm.btn-equal.btn-danger		class	btn	markup-class	component-owner	button	components/controls.md#tokens-und-einzeilige-controls	public/css/style.css
server/public/js/arcade/views/tetris.js	643	button.btn.btn-sm.btn-equal.btn-danger		class	btn-danger	modifier	component-owner	button-meaning	components/controls.md#tokens-und-einzeilige-controls	public/css/style.css
server/public/js/arcade/views/tetris.js	643	button.btn.btn-sm.btn-equal.btn-danger		class	btn-equal	modifier	component-owner	button-width	components/controls.md#tokens-und-einzeilige-controls	public/css/style.css
server/public/js/arcade/views/tetris.js	643	button.btn.btn-sm.btn-equal.btn-danger		class	btn-sm	modifier	component-owner	button-small	components/controls.md#tokens-und-einzeilige-controls	public/css/style.css
server/public/js/arcade/views/tetris.js	792	button.btn.btn-sm.btn-equal.btn-primary		class	btn	markup-class	component-owner	button	components/controls.md#tokens-und-einzeilige-controls	public/css/style.css
server/public/js/arcade/views/tetris.js	792			class	btn-equal	literal-modifier	component-owner	button-width	components/controls.md#tokens-und-einzeilige-controls	public/css/style.css
server/public/js/arcade/views/tetris.js	792	button.btn.btn-sm.btn-equal.btn-primary		class	btn-equal	modifier	component-owner	button-width	components/controls.md#tokens-und-einzeilige-controls	public/css/style.css
server/public/js/arcade/views/tetris.js	792	button.btn.btn-sm.btn-equal.btn-primary		class	btn-primary	modifier	component-owner	button-meaning	components/controls.md#tokens-und-einzeilige-controls	public/css/style.css
server/public/js/arcade/views/tetris.js	792			class	btn-sm	literal-modifier	component-owner	button-small	components/controls.md#tokens-und-einzeilige-controls	public/css/style.css
server/public/js/arcade/views/tetris.js	792	button.btn.btn-sm.btn-equal.btn-primary		class	btn-sm	modifier	component-owner	button-small	components/controls.md#tokens-und-einzeilige-controls	public/css/style.css
server/public/js/arcade/views/tetris.js	793	button.btn.btn-sm.btn-equal		class	btn	markup-class	component-owner	button	components/controls.md#tokens-und-einzeilige-controls	public/css/style.css
server/public/js/arcade/views/tetris.js	793	button.btn.btn-sm.btn-equal		class	btn-equal	modifier	component-owner	button-width	components/controls.md#tokens-und-einzeilige-controls	public/css/style.css
server/public/js/arcade/views/tetris.js	793			class	btn-sm	literal-modifier	component-owner	button-small	components/controls.md#tokens-und-einzeilige-controls	public/css/style.css
server/public/js/arcade/views/tetris.js	793	button.btn.btn-sm.btn-equal		class	btn-sm	modifier	component-owner	button-small	components/controls.md#tokens-und-einzeilige-controls	public/css/style.css
server/public/js/authGate.js	82	button.icon-btn		class	icon-btn	markup-class	component-owner	icon-button	components/controls.md#tokens-und-einzeilige-controls	public/css/style.css
server/public/js/authGate.js	92	button.btn.btn-primary		class	btn	markup-class	component-owner	button	components/controls.md#tokens-und-einzeilige-controls	public/css/style.css
server/public/js/authGate.js	92	button.btn.btn-primary		class	btn-primary	modifier	component-owner	button-meaning	components/controls.md#tokens-und-einzeilige-controls	public/css/style.css
server/public/js/authGate.js	100	button.btn.btn-primary		class	btn	markup-class	component-owner	button	components/controls.md#tokens-und-einzeilige-controls	public/css/style.css
server/public/js/authGate.js	100	button.btn.btn-primary		class	btn-primary	modifier	component-owner	button-meaning	components/controls.md#tokens-und-einzeilige-controls	public/css/style.css
server/public/js/authGate.js	117	button.btn.btn-primary		class	btn	markup-class	component-owner	button	components/controls.md#tokens-und-einzeilige-controls	public/css/style.css
server/public/js/authGate.js	117	button.btn.btn-primary		class	btn-primary	modifier	component-owner	button-meaning	components/controls.md#tokens-und-einzeilige-controls	public/css/style.css
server/public/js/authGate.js	125	button.btn.btn-primary		class	btn	markup-class	component-owner	button	components/controls.md#tokens-und-einzeilige-controls	public/css/style.css
server/public/js/authGate.js	125	button.btn.btn-primary		class	btn-primary	modifier	component-owner	button-meaning	components/controls.md#tokens-und-einzeilige-controls	public/css/style.css
server/public/js/authGate.js	133	button.btn.btn-primary		class	btn	markup-class	component-owner	button	components/controls.md#tokens-und-einzeilige-controls	public/css/style.css
server/public/js/authGate.js	133	button.btn.btn-primary		class	btn-primary	modifier	component-owner	button-meaning	components/controls.md#tokens-und-einzeilige-controls	public/css/style.css
server/public/js/authGate.js	198	button.btn		class	btn	markup-class	component-owner	button	components/controls.md#tokens-und-einzeilige-controls	public/css/style.css
server/public/js/backButton.js	11	button.btn.btn-sm		class	btn	markup-class	component-owner	button	components/controls.md#tokens-und-einzeilige-controls	public/css/style.css
server/public/js/backButton.js	11	button.btn.btn-sm		class	btn-sm	modifier	component-owner	button-small	components/controls.md#tokens-und-einzeilige-controls	public/css/style.css
server/public/js/dateTimeField.js	159	input.dt-date-input		class	dt-date-input	markup-class	component-owner	date-fields	components/controls.md#tokens-und-einzeilige-controls	public/css/style.css
server/public/js/dateTimeField.js	160	button.dt-calendar-btn.icon-btn		class	dt-calendar-btn	markup-class	component-owner	date-fields	components/controls.md#tokens-und-einzeilige-controls	public/css/style.css
server/public/js/dateTimeField.js	160	button.dt-calendar-btn.icon-btn		class	icon-btn	markup-class	component-owner	icon-button	components/controls.md#tokens-und-einzeilige-controls	public/css/style.css
server/public/js/dateTimeField.js	162	input.dt-time-input		class	dt-time-input	markup-class	component-owner	date-fields	components/controls.md#tokens-und-einzeilige-controls	public/css/style.css
server/public/js/dateTimeField.js	163	button.dt-clear-btn.icon-btn		class	dt-clear-btn	markup-class	component-owner	date-fields	components/controls.md#tokens-und-einzeilige-controls	public/css/style.css
server/public/js/dateTimeField.js	163	button.dt-clear-btn.icon-btn		class	icon-btn	markup-class	component-owner	icon-button	components/controls.md#tokens-und-einzeilige-controls	public/css/style.css
server/public/js/dateTimeField.js	252	button.btn.btn-sm.icon-btn		class	btn	markup-class	component-owner	button	components/controls.md#tokens-und-einzeilige-controls	public/css/style.css
server/public/js/dateTimeField.js	252	button.btn.btn-sm.icon-btn		class	btn-sm	modifier	component-owner	button-small	components/controls.md#tokens-und-einzeilige-controls	public/css/style.css
server/public/js/dateTimeField.js	252	button.btn.btn-sm.icon-btn		class	icon-btn	markup-class	component-owner	icon-button	components/controls.md#tokens-und-einzeilige-controls	public/css/style.css
server/public/js/dateTimeField.js	254	select.dt-month-select		class	dt-month-select	markup-class	component-owner	date-fields	components/controls.md#tokens-und-einzeilige-controls	public/css/style.css
server/public/js/dateTimeField.js	255	select.dt-year-select		class	dt-year-select	markup-class	component-owner	date-fields	components/controls.md#tokens-und-einzeilige-controls	public/css/style.css
server/public/js/dateTimeField.js	258	button.btn.btn-sm.icon-btn		class	btn	markup-class	component-owner	button	components/controls.md#tokens-und-einzeilige-controls	public/css/style.css
server/public/js/dateTimeField.js	258	button.btn.btn-sm.icon-btn		class	btn-sm	modifier	component-owner	button-small	components/controls.md#tokens-und-einzeilige-controls	public/css/style.css
server/public/js/dateTimeField.js	258	button.btn.btn-sm.icon-btn		class	icon-btn	markup-class	component-owner	icon-button	components/controls.md#tokens-und-einzeilige-controls	public/css/style.css
server/public/js/dateTimeField.js	264	button.btn.btn-sm.btn-block		class	btn	markup-class	component-owner	button	components/controls.md#tokens-und-einzeilige-controls	public/css/style.css
server/public/js/dateTimeField.js	264	button.btn.btn-sm.btn-block		class	btn-block	modifier	component-owner	button-width	components/controls.md#tokens-und-einzeilige-controls	public/css/style.css
server/public/js/dateTimeField.js	264	button.btn.btn-sm.btn-block		class	btn-sm	modifier	component-owner	button-small	components/controls.md#tokens-und-einzeilige-controls	public/css/style.css
server/public/js/emptyState.js	24			class	btn-primary	literal-modifier	component-owner	button-meaning	components/controls.md#tokens-und-einzeilige-controls	public/css/style.css
server/public/js/emptyState.js	24			class	btn-sm	literal-modifier	component-owner	button-small	components/controls.md#tokens-und-einzeilige-controls	public/css/style.css
server/public/js/emptyState.test.js	19		emptyStateHtml.className	className	vote-empty-state	empty-state-presentation	static-false-candidate			
server/public/js/emptyState.test.js	24		emptyStateHtml.style	style	padding:var(--space-4);	empty-state-presentation	static-false-candidate			
server/public/js/eventPresentation.js	47	button.btn.btn-sm.btn-primary		class	btn	markup-class	component-owner	button	components/controls.md#tokens-und-einzeilige-controls	public/css/style.css
server/public/js/eventPresentation.js	47	button.btn.btn-sm.btn-primary		class	btn-primary	modifier	component-owner	button-meaning	components/controls.md#tokens-und-einzeilige-controls	public/css/style.css
server/public/js/eventPresentation.js	47	button.btn.btn-sm.btn-primary		class	btn-sm	modifier	component-owner	button-small	components/controls.md#tokens-und-einzeilige-controls	public/css/style.css
server/public/js/eventPresentation.js	55	a.btn.btn-sm		class	btn	markup-class	component-owner	button	components/controls.md#tokens-und-einzeilige-controls	public/css/style.css
server/public/js/eventPresentation.js	55	a.btn.btn-sm		class	btn-sm	modifier	component-owner	button-small	components/controls.md#tokens-und-einzeilige-controls	public/css/style.css
server/public/js/eventPresentation.js	56	a.btn.btn-sm		class	btn	markup-class	component-owner	button	components/controls.md#tokens-und-einzeilige-controls	public/css/style.css
server/public/js/eventPresentation.js	56	a.btn.btn-sm		class	btn-sm	modifier	component-owner	button-small	components/controls.md#tokens-und-einzeilige-controls	public/css/style.css
server/public/js/eventPresentation.js	57	button.btn.btn-sm		class	btn	markup-class	component-owner	button	components/controls.md#tokens-und-einzeilige-controls	public/css/style.css
server/public/js/eventPresentation.js	57	button.btn.btn-sm		class	btn-sm	modifier	component-owner	button-small	components/controls.md#tokens-und-einzeilige-controls	public/css/style.css
server/public/js/feedback.js	35	button.btn		class	btn	markup-class	component-owner	button	components/controls.md#tokens-und-einzeilige-controls	public/css/style.css
server/public/js/feedback.js	35			class	btn-primary	literal-modifier	component-owner	button-meaning	components/controls.md#tokens-und-einzeilige-controls	public/css/style.css
server/public/js/feedback.js	53	button.btn.btn-primary.btn-block		class	btn	markup-class	component-owner	button	components/controls.md#tokens-und-einzeilige-controls	public/css/style.css
server/public/js/feedback.js	53	button.btn.btn-primary.btn-block		class	btn-block	modifier	component-owner	button-width	components/controls.md#tokens-und-einzeilige-controls	public/css/style.css
server/public/js/feedback.js	53	button.btn.btn-primary.btn-block		class	btn-primary	modifier	component-owner	button-meaning	components/controls.md#tokens-und-einzeilige-controls	public/css/style.css
server/public/js/feedback.js	66			class	btn-primary	literal-modifier	component-owner	button-meaning	components/controls.md#tokens-und-einzeilige-controls	public/css/style.css
server/public/js/kiosk.js	215	button.btn.btn-primary.btn-block		class	btn	markup-class	component-owner	button	components/controls.md#tokens-und-einzeilige-controls	public/css/style.css
server/public/js/kiosk.js	215	button.btn.btn-primary.btn-block		class	btn-block	modifier	component-owner	button-width	components/controls.md#tokens-und-einzeilige-controls	public/css/style.css
server/public/js/kiosk.js	215	button.btn.btn-primary.btn-block		class	btn-primary	modifier	component-owner	button-meaning	components/controls.md#tokens-und-einzeilige-controls	public/css/style.css
server/public/js/kiosk.js	289		emptyStateHtml.className	className	kiosk-vote-empty	empty-state-presentation	component-owner	empty-state-kiosk	components/empty-state.md#11-permanente-varianten-und-befristete-ausnahmen	public/css/kiosk.css
server/public/js/kiosk.js	376		emptyStateHtml.className	className	kiosk-vote-state	empty-state-presentation	component-owner	empty-state-kiosk	components/empty-state.md#11-permanente-varianten-und-befristete-ausnahmen	public/css/kiosk.css
server/public/js/kiosk.js	559	button.btn.btn-primary		class	btn	markup-class	component-owner	button	components/controls.md#tokens-und-einzeilige-controls	public/css/style.css
server/public/js/kiosk.js	559	button.btn.btn-primary		class	btn-primary	modifier	component-owner	button-meaning	components/controls.md#tokens-und-einzeilige-controls	public/css/style.css
server/public/js/kiosk.js	560	a.btn.btn-primary		class	btn	markup-class	component-owner	button	components/controls.md#tokens-und-einzeilige-controls	public/css/style.css
server/public/js/kiosk.js	560	a.btn.btn-primary		class	btn-primary	modifier	component-owner	button-meaning	components/controls.md#tokens-und-einzeilige-controls	public/css/style.css
server/public/js/kiosk.js	685	button.btn.btn-primary		class	btn	markup-class	component-owner	button	components/controls.md#tokens-und-einzeilige-controls	public/css/style.css
server/public/js/kiosk.js	685	button.btn.btn-primary		class	btn-primary	modifier	component-owner	button-meaning	components/controls.md#tokens-und-einzeilige-controls	public/css/style.css
server/public/js/kiosk.js	948		emptyStateHtml.className	className	empty-state-kiosk-loading	empty-state-presentation	component-owner	empty-state-kiosk-loading	components/empty-state.md#11-permanente-varianten-und-befristete-ausnahmen	public/css/kiosk.css
server/public/js/modal.js	56	button.icon-btn		class	icon-btn	markup-class	component-owner	icon-button	components/controls.md#tokens-und-einzeilige-controls	public/css/style.css
server/public/js/modal.js	130	button.icon-btn		class	icon-btn	markup-class	component-owner	icon-button	components/controls.md#tokens-und-einzeilige-controls	public/css/style.css
server/public/js/modal.js	135	button.btn.btn-sm.btn-equal		class	btn	markup-class	component-owner	button	components/controls.md#tokens-und-einzeilige-controls	public/css/style.css
server/public/js/modal.js	135	button.btn.btn-sm.btn-equal		class	btn-equal	modifier	component-owner	button-width	components/controls.md#tokens-und-einzeilige-controls	public/css/style.css
server/public/js/modal.js	135	button.btn.btn-sm.btn-equal		class	btn-sm	modifier	component-owner	button-small	components/controls.md#tokens-und-einzeilige-controls	public/css/style.css
server/public/js/modal.js	136	button.btn.btn-sm.btn-equal		class	btn	markup-class	component-owner	button	components/controls.md#tokens-und-einzeilige-controls	public/css/style.css
server/public/js/modal.js	136			class	btn-danger	literal-modifier	component-owner	button-meaning	components/controls.md#tokens-und-einzeilige-controls	public/css/style.css
server/public/js/modal.js	136	button.btn.btn-sm.btn-equal		class	btn-equal	modifier	component-owner	button-width	components/controls.md#tokens-und-einzeilige-controls	public/css/style.css
server/public/js/modal.js	136			class	btn-primary	literal-modifier	component-owner	button-meaning	components/controls.md#tokens-und-einzeilige-controls	public/css/style.css
server/public/js/modal.js	136	button.btn.btn-sm.btn-equal		class	btn-sm	modifier	component-owner	button-small	components/controls.md#tokens-und-einzeilige-controls	public/css/style.css
server/public/js/notificationBanner.js	108	button.btn.btn-sm		class	btn	markup-class	component-owner	button	components/controls.md#tokens-und-einzeilige-controls	public/css/style.css
server/public/js/notificationBanner.js	108	button.btn.btn-sm		class	btn-sm	modifier	component-owner	button-small	components/controls.md#tokens-und-einzeilige-controls	public/css/style.css
server/public/js/notificationBanner.js	110	button.icon-btn.notification-center-seen		class	icon-btn	markup-class	component-owner	icon-button	components/controls.md#tokens-und-einzeilige-controls	public/css/style.css
server/public/js/notificationBanner.js	110	button.icon-btn.notification-center-seen		class	notification-center-seen	markup-class	component-owner	row-icons	components/controls.md#tokens-und-einzeilige-controls	public/css/style.css
server/public/js/notificationBanner.js	111	button.icon-btn.notification-center-remove		class	icon-btn	markup-class	component-owner	icon-button	components/controls.md#tokens-und-einzeilige-controls	public/css/style.css
server/public/js/notificationBanner.js	111	button.icon-btn.notification-center-remove		class	notification-center-remove	markup-class	component-owner	row-icons	components/controls.md#tokens-und-einzeilige-controls	public/css/style.css
server/public/js/notificationBanner.js	119		emptyStateHtml.className	className	notification-center-empty	empty-state-presentation	component-owner	empty-state-notifications	components/empty-state.md#11-permanente-varianten-und-befristete-ausnahmen	public/css/style.css
server/public/js/notificationBanner.js	122		emptyStateHtml.className	className	notification-center-empty	empty-state-presentation	component-owner	empty-state-notifications	components/empty-state.md#11-permanente-varianten-und-befristete-ausnahmen	public/css/style.css
server/public/js/notificationBanner.js	125		emptyStateHtml.className	className	notification-center-empty	empty-state-presentation	component-owner	empty-state-notifications	components/empty-state.md#11-permanente-varianten-und-befristete-ausnahmen	public/css/style.css
server/public/js/notificationBanner.js	128		emptyStateHtml.className	className	notification-center-empty	empty-state-presentation	component-owner	empty-state-notifications	components/empty-state.md#11-permanente-varianten-und-befristete-ausnahmen	public/css/style.css
server/public/js/notificationBanner.js	255	button.notification-highlight-link		class	notification-highlight-link	markup-class	component-owner	structural-cards	components/controls.md#strukturziele-mit-44-px	public/css/style.css
server/public/js/notificationBanner.js	260	button.icon-btn.notification-highlight-dismiss		class	icon-btn	markup-class	component-owner	icon-button	components/controls.md#tokens-und-einzeilige-controls	public/css/style.css
server/public/js/notificationBanner.js	260	button.icon-btn.notification-highlight-dismiss		class	notification-highlight-dismiss	markup-class	component-owner	row-icons	components/controls.md#tokens-und-einzeilige-controls	public/css/style.css
server/public/js/notificationBanner.js	306	button.icon-btn		class	icon-btn	markup-class	component-owner	icon-button	components/controls.md#tokens-und-einzeilige-controls	public/css/style.css
server/public/js/notificationBanner.js	313	button.btn.btn-sm		class	btn	markup-class	component-owner	button	components/controls.md#tokens-und-einzeilige-controls	public/css/style.css
server/public/js/notificationBanner.js	313	button.btn.btn-sm		class	btn-sm	modifier	component-owner	button-small	components/controls.md#tokens-und-einzeilige-controls	public/css/style.css
server/public/js/notificationBanner.js	314	button.btn.btn-sm		class	btn	markup-class	component-owner	button	components/controls.md#tokens-und-einzeilige-controls	public/css/style.css
server/public/js/notificationBanner.js	314	button.btn.btn-sm		class	btn-sm	modifier	component-owner	button-small	components/controls.md#tokens-und-einzeilige-controls	public/css/style.css
server/public/js/notificationBanner.js	315	button.btn.btn-sm.btn-danger		class	btn	markup-class	component-owner	button	components/controls.md#tokens-und-einzeilige-controls	public/css/style.css
server/public/js/notificationBanner.js	315	button.btn.btn-sm.btn-danger		class	btn-danger	modifier	component-owner	button-meaning	components/controls.md#tokens-und-einzeilige-controls	public/css/style.css
server/public/js/notificationBanner.js	315	button.btn.btn-sm.btn-danger		class	btn-sm	modifier	component-owner	button-small	components/controls.md#tokens-und-einzeilige-controls	public/css/style.css
server/public/js/onboarding.js	208		ring.style.width	width	`${rect.width}px`	element-style	static-false-candidate	onboarding-target-ring	components/controls.md#11-permanente-varianten-und-befristete-ausnahmen	public/css/overlays.css
server/public/js/onboarding.js	209		ring.style.height	height	`${rect.height}px`	element-style	static-false-candidate	onboarding-target-ring	components/controls.md#11-permanente-varianten-und-befristete-ausnahmen	public/css/overlays.css
server/public/js/onboarding.js	348	button.btn		class	btn	markup-class	component-owner	button	components/controls.md#tokens-und-einzeilige-controls	public/css/style.css
server/public/js/onboarding.js	350	button.btn		class	btn	markup-class	component-owner	button	components/controls.md#tokens-und-einzeilige-controls	public/css/style.css
server/public/js/onboarding.js	351	button.btn.btn-primary		class	btn	markup-class	component-owner	button	components/controls.md#tokens-und-einzeilige-controls	public/css/style.css
server/public/js/onboarding.js	351	button.btn.btn-primary		class	btn-primary	modifier	component-owner	button-meaning	components/controls.md#tokens-und-einzeilige-controls	public/css/style.css
server/public/js/onboarding.js	371	button.btn		class	btn	markup-class	component-owner	button	components/controls.md#tokens-und-einzeilige-controls	public/css/style.css
server/public/js/onboarding.js	372	button.btn		class	btn	markup-class	component-owner	button	components/controls.md#tokens-und-einzeilige-controls	public/css/style.css
server/public/js/onboarding.js	373	button.btn.btn-primary		class	btn	markup-class	component-owner	button	components/controls.md#tokens-und-einzeilige-controls	public/css/style.css
server/public/js/onboarding.js	373	button.btn.btn-primary		class	btn-primary	modifier	component-owner	button-meaning	components/controls.md#tokens-und-einzeilige-controls	public/css/style.css
server/public/js/reauth.js	15	button.icon-btn		class	icon-btn	markup-class	component-owner	icon-button	components/controls.md#tokens-und-einzeilige-controls	public/css/style.css
server/public/js/reauth.js	17	button.btn.btn-primary.btn-block		class	btn	markup-class	component-owner	button	components/controls.md#tokens-und-einzeilige-controls	public/css/style.css
server/public/js/reauth.js	17	button.btn.btn-primary.btn-block		class	btn-block	modifier	component-owner	button-width	components/controls.md#tokens-und-einzeilige-controls	public/css/style.css
server/public/js/reauth.js	17	button.btn.btn-primary.btn-block		class	btn-primary	modifier	component-owner	button-meaning	components/controls.md#tokens-und-einzeilige-controls	public/css/style.css
server/public/js/rosterPicker.js	64	button.icon-btn.selection-toolbar-icon		class	icon-btn	markup-class	component-owner	icon-button	components/controls.md#tokens-und-einzeilige-controls	public/css/style.css
server/public/js/rosterPicker.js	64	button.icon-btn.selection-toolbar-icon		class	selection-toolbar-icon	markup-class	component-owner	selection-icons	components/controls.md#tokens-und-einzeilige-controls	public/css/style.css
server/public/js/rosterPicker.js	65	button.icon-btn.selection-toolbar-icon.selection-toolbar-icon--clear		class	icon-btn	markup-class	component-owner	icon-button	components/controls.md#tokens-und-einzeilige-controls	public/css/style.css
server/public/js/rosterPicker.js	65	button.icon-btn.selection-toolbar-icon.selection-toolbar-icon--clear		class	selection-toolbar-icon	markup-class	component-owner	selection-icons	components/controls.md#tokens-und-einzeilige-controls	public/css/style.css
server/public/js/rosterPicker.js	65	button.icon-btn.selection-toolbar-icon.selection-toolbar-icon--clear		class	selection-toolbar-icon--clear	markup-class	component-owner	selection-icons	components/controls.md#tokens-und-einzeilige-controls	public/css/style.css
server/public/js/searchPalette.js	278	button.global-search-result		class	global-search-result	markup-class	component-owner	global-search-result	components/controls.md#strukturziele-mit-44-px	public/css/overlays.css
server/public/js/searchSelect.js	28	button.search-select-option		class	search-select-option	markup-class	component-owner	search-options	components/controls.md#strukturziele-mit-44-px	public/css/style.css
server/public/js/searchSelect.js	53	button.search-select-toggle		class	search-select-toggle	markup-class	component-owner	search-select	components/controls.md#tokens-und-einzeilige-controls	public/css/style.css
server/public/js/sectionNav.js	107	button.btn.btn-sm		class	btn	markup-class	component-owner	button	components/controls.md#tokens-und-einzeilige-controls	public/css/style.css
server/public/js/sectionNav.js	107			class	btn-primary	literal-modifier	component-owner	button-meaning	components/controls.md#tokens-und-einzeilige-controls	public/css/style.css
server/public/js/sectionNav.js	107	button.btn.btn-sm		class	btn-sm	modifier	component-owner	button-small	components/controls.md#tokens-und-einzeilige-controls	public/css/style.css
server/public/js/selectionSearch.js	9	button.selection-search-trigger.icon-btn		class	icon-btn	markup-class	component-owner	icon-button	components/controls.md#tokens-und-einzeilige-controls	public/css/style.css
server/public/js/selectionSearch.js	9	button.selection-search-trigger.icon-btn		class	selection-search-trigger	markup-class	component-owner	selection-icons	components/controls.md#tokens-und-einzeilige-controls	public/css/style.css
server/public/js/selectionSearch.js	12	button.selection-search-close.icon-btn		class	icon-btn	markup-class	component-owner	icon-button	components/controls.md#tokens-und-einzeilige-controls	public/css/style.css
server/public/js/selectionSearch.js	12	button.selection-search-close.icon-btn		class	selection-search-close	markup-class	component-owner	selection-icons	components/controls.md#tokens-und-einzeilige-controls	public/css/style.css
server/public/js/tournamentPresentation.js	60	button.icon-btn.tournament-lobby-copy		class	icon-btn	markup-class	component-owner	icon-button	components/controls.md#tokens-und-einzeilige-controls	public/css/style.css
server/public/js/tournamentPresentation.js	60	button.icon-btn.tournament-lobby-copy		class	tournament-lobby-copy	markup-class	component-owner	row-icons	components/controls.md#tokens-und-einzeilige-controls	public/css/style.css
server/public/js/tournamentPresentation.js	68	button.icon-btn.tournament-lobby-copy		class	icon-btn	markup-class	component-owner	icon-button	components/controls.md#tokens-und-einzeilige-controls	public/css/style.css
server/public/js/tournamentPresentation.js	68	button.icon-btn.tournament-lobby-copy		class	tournament-lobby-copy	markup-class	component-owner	row-icons	components/controls.md#tokens-und-einzeilige-controls	public/css/style.css
server/public/js/tournamentPresentation.js	94	input.tournament-score-input		class	tournament-score-input	markup-class	component-owner	result-fields	components/controls.md#tokens-und-einzeilige-controls	public/css/domains.css
server/public/js/tournamentPresentation.js	96	input.tournament-score-input		class	tournament-score-input	markup-class	component-owner	result-fields	components/controls.md#tokens-und-einzeilige-controls	public/css/domains.css
server/public/js/tournamentPresentation.js	97	button.btn.tournament-score-submit		class	btn	markup-class	component-owner	button	components/controls.md#tokens-und-einzeilige-controls	public/css/style.css
server/public/js/tournamentPresentation.js	97	button.btn.tournament-score-submit		class	tournament-score-submit	markup-class	component-owner	result-actions	components/controls.md#zusatzklassen-und-zusammengesetzte-controls	public/css/domains.css
server/public/js/tournamentPresentation.js	143	input.bracket-score-input		class	bracket-score-input	markup-class	component-owner	result-fields	components/controls.md#tokens-und-einzeilige-controls	public/css/domains.css
server/public/js/tournamentPresentation.js	158	button.bracket-score-submit.btn		class	bracket-score-submit	markup-class	component-owner	result-actions	components/controls.md#zusatzklassen-und-zusammengesetzte-controls	public/css/domains.css
server/public/js/tournamentPresentation.js	158	button.bracket-score-submit.btn		class	btn	markup-class	component-owner	button	components/controls.md#tokens-und-einzeilige-controls	public/css/style.css
server/public/js/tournamentPresentation.js	162	button.bracket-result-edit.btn		class	bracket-result-edit	markup-class	component-owner	result-actions	components/controls.md#zusatzklassen-und-zusammengesetzte-controls	public/css/domains.css
server/public/js/tournamentPresentation.js	162	button.bracket-result-edit.btn		class	btn	markup-class	component-owner	button	components/controls.md#tokens-und-einzeilige-controls	public/css/style.css
server/public/js/tournamentPresentation.js	251	button.btn.tournament-result-edit		class	btn	markup-class	component-owner	button	components/controls.md#tokens-und-einzeilige-controls	public/css/style.css
server/public/js/tournamentPresentation.js	251	button.btn.tournament-result-edit		class	tournament-result-edit	markup-class	component-owner	result-actions	components/controls.md#zusatzklassen-und-zusammengesetzte-controls	public/css/domains.css
server/public/js/tournamentPresentation.js	264	button.btn.btn-sm		class	btn	markup-class	component-owner	button	components/controls.md#tokens-und-einzeilige-controls	public/css/style.css
server/public/js/tournamentPresentation.js	264	button.btn.btn-sm		class	btn-sm	modifier	component-owner	button-small	components/controls.md#tokens-und-einzeilige-controls	public/css/style.css
server/public/js/tournamentPresentation.js	265	button.btn.btn-sm		class	btn	markup-class	component-owner	button	components/controls.md#tokens-und-einzeilige-controls	public/css/style.css
server/public/js/tournamentPresentation.js	265	button.btn.btn-sm		class	btn-sm	modifier	component-owner	button-small	components/controls.md#tokens-und-einzeilige-controls	public/css/style.css
server/public/js/tournamentPresentation.js	266	button.btn.btn-sm		class	btn	markup-class	component-owner	button	components/controls.md#tokens-und-einzeilige-controls	public/css/style.css
server/public/js/tournamentPresentation.js	266	button.btn.btn-sm		class	btn-sm	modifier	component-owner	button-small	components/controls.md#tokens-und-einzeilige-controls	public/css/style.css
server/public/js/views/admin.js	102	input.invite-link-field		class	invite-link-field	markup-class	component-owner	invite-link-field	components/controls.md#11-permanente-varianten-und-befristete-ausnahmen	public/css/style.css
server/public/js/views/admin.js	103	button.btn.btn-sm		class	btn	markup-class	component-owner	button	components/controls.md#tokens-und-einzeilige-controls	public/css/style.css
server/public/js/views/admin.js	103	button.btn.btn-sm		class	btn-sm	modifier	component-owner	button-small	components/controls.md#tokens-und-einzeilige-controls	public/css/style.css
server/public/js/views/admin.js	105	button.btn.btn-sm		class	btn	markup-class	component-owner	button	components/controls.md#tokens-und-einzeilige-controls	public/css/style.css
server/public/js/views/admin.js	105	button.btn.btn-sm		class	btn-sm	modifier	component-owner	button-small	components/controls.md#tokens-und-einzeilige-controls	public/css/style.css
server/public/js/views/admin.js	243	select.admin-role-select		class	admin-role-select	markup-class	component-owner	admin-controls	components/controls.md#tokens-und-einzeilige-controls	public/css/domains.css
server/public/js/views/admin.js	314	button.btn.btn-primary.btn-block		class	btn	markup-class	component-owner	button	components/controls.md#tokens-und-einzeilige-controls	public/css/style.css
server/public/js/views/admin.js	314	button.btn.btn-primary.btn-block		class	btn-block	modifier	component-owner	button-width	components/controls.md#tokens-und-einzeilige-controls	public/css/style.css
server/public/js/views/admin.js	314	button.btn.btn-primary.btn-block		class	btn-primary	modifier	component-owner	button-meaning	components/controls.md#tokens-und-einzeilige-controls	public/css/style.css
server/public/js/views/admin.js	499	button.btn.btn-sm.btn-danger		class	btn	markup-class	component-owner	button	components/controls.md#tokens-und-einzeilige-controls	public/css/style.css
server/public/js/views/admin.js	499	button.btn.btn-sm.btn-danger		class	btn-danger	modifier	component-owner	button-meaning	components/controls.md#tokens-und-einzeilige-controls	public/css/style.css
server/public/js/views/admin.js	499	button.btn.btn-sm.btn-danger		class	btn-sm	modifier	component-owner	button-small	components/controls.md#tokens-und-einzeilige-controls	public/css/style.css
server/public/js/views/admin.js	500	button.btn.btn-sm		class	btn	markup-class	component-owner	button	components/controls.md#tokens-und-einzeilige-controls	public/css/style.css
server/public/js/views/admin.js	500	button.btn.btn-sm		class	btn-sm	modifier	component-owner	button-small	components/controls.md#tokens-und-einzeilige-controls	public/css/style.css
server/public/js/views/admin.js	502	button.btn.btn-sm		class	btn	markup-class	component-owner	button	components/controls.md#tokens-und-einzeilige-controls	public/css/style.css
server/public/js/views/admin.js	502	button.btn.btn-sm		class	btn-sm	modifier	component-owner	button-small	components/controls.md#tokens-und-einzeilige-controls	public/css/style.css
server/public/js/views/admin.js	504	button.btn.btn-sm.btn-danger		class	btn	markup-class	component-owner	button	components/controls.md#tokens-und-einzeilige-controls	public/css/style.css
server/public/js/views/admin.js	504	button.btn.btn-sm.btn-danger		class	btn	markup-class	component-owner	button	components/controls.md#tokens-und-einzeilige-controls	public/css/style.css
server/public/js/views/admin.js	504	button.btn.btn-sm.btn-danger		class	btn-danger	modifier	component-owner	button-meaning	components/controls.md#tokens-und-einzeilige-controls	public/css/style.css
server/public/js/views/admin.js	504	button.btn.btn-sm.btn-danger		class	btn-danger	modifier	component-owner	button-meaning	components/controls.md#tokens-und-einzeilige-controls	public/css/style.css
server/public/js/views/admin.js	504	button.btn.btn-sm.btn-danger		class	btn-sm	modifier	component-owner	button-small	components/controls.md#tokens-und-einzeilige-controls	public/css/style.css
server/public/js/views/admin.js	504	button.btn.btn-sm.btn-danger		class	btn-sm	modifier	component-owner	button-small	components/controls.md#tokens-und-einzeilige-controls	public/css/style.css
server/public/js/views/admin.js	518	button.btn.btn-sm		class	btn	markup-class	component-owner	button	components/controls.md#tokens-und-einzeilige-controls	public/css/style.css
server/public/js/views/admin.js	518	button.btn.btn-sm		class	btn-sm	modifier	component-owner	button-small	components/controls.md#tokens-und-einzeilige-controls	public/css/style.css
server/public/js/views/admin.js	539	button.btn.btn-sm		class	btn	markup-class	component-owner	button	components/controls.md#tokens-und-einzeilige-controls	public/css/style.css
server/public/js/views/admin.js	539	button.btn.btn-sm		class	btn-sm	modifier	component-owner	button-small	components/controls.md#tokens-und-einzeilige-controls	public/css/style.css
server/public/js/views/admin.js	540	button.btn.btn-sm.btn-danger		class	btn	markup-class	component-owner	button	components/controls.md#tokens-und-einzeilige-controls	public/css/style.css
server/public/js/views/admin.js	540	button.btn.btn-sm.btn-danger		class	btn-danger	modifier	component-owner	button-meaning	components/controls.md#tokens-und-einzeilige-controls	public/css/style.css
server/public/js/views/admin.js	540	button.btn.btn-sm.btn-danger		class	btn-sm	modifier	component-owner	button-small	components/controls.md#tokens-und-einzeilige-controls	public/css/style.css
server/public/js/views/admin.js	590	button.btn.btn-sm		class	btn	markup-class	component-owner	button	components/controls.md#tokens-und-einzeilige-controls	public/css/style.css
server/public/js/views/admin.js	590	button.btn.btn-sm		class	btn-sm	modifier	component-owner	button-small	components/controls.md#tokens-und-einzeilige-controls	public/css/style.css
server/public/js/views/admin.js	602	summary.collapsible-section-header		class	collapsible-section-header	markup-class	component-owner	structural-disclosure	components/controls.md#strukturziele-mit-44-px	public/css/style.css
server/public/js/views/admin.js	615			class	btn-primary	literal-modifier	component-owner	button-meaning	components/controls.md#tokens-und-einzeilige-controls	public/css/style.css
server/public/js/views/admin.js	617	button.btn.btn-primary.btn-sm		class	btn	markup-class	component-owner	button	components/controls.md#tokens-und-einzeilige-controls	public/css/style.css
server/public/js/views/admin.js	617	button.btn.btn-primary.btn-sm		class	btn-primary	modifier	component-owner	button-meaning	components/controls.md#tokens-und-einzeilige-controls	public/css/style.css
server/public/js/views/admin.js	617	button.btn.btn-primary.btn-sm		class	btn-sm	modifier	component-owner	button-small	components/controls.md#tokens-und-einzeilige-controls	public/css/style.css
server/public/js/views/admin.js	621	a.btn.btn-primary.btn-sm		class	btn	markup-class	component-owner	button	components/controls.md#tokens-und-einzeilige-controls	public/css/style.css
server/public/js/views/admin.js	621	a.btn.btn-primary.btn-sm		class	btn-primary	modifier	component-owner	button-meaning	components/controls.md#tokens-und-einzeilige-controls	public/css/style.css
server/public/js/views/admin.js	621	a.btn.btn-primary.btn-sm		class	btn-sm	modifier	component-owner	button-small	components/controls.md#tokens-und-einzeilige-controls	public/css/style.css
server/public/js/views/admin.js	625	a.btn.btn-primary.btn-sm		class	btn	markup-class	component-owner	button	components/controls.md#tokens-und-einzeilige-controls	public/css/style.css
server/public/js/views/admin.js	625	a.btn.btn-primary.btn-sm		class	btn-primary	modifier	component-owner	button-meaning	components/controls.md#tokens-und-einzeilige-controls	public/css/style.css
server/public/js/views/admin.js	625	a.btn.btn-primary.btn-sm		class	btn-sm	modifier	component-owner	button-small	components/controls.md#tokens-und-einzeilige-controls	public/css/style.css
server/public/js/views/admin.js	627			class	btn-primary	literal-modifier	component-owner	button-meaning	components/controls.md#tokens-und-einzeilige-controls	public/css/style.css
server/public/js/views/admin.js	629	button.btn.btn-primary.btn-sm		class	btn	markup-class	component-owner	button	components/controls.md#tokens-und-einzeilige-controls	public/css/style.css
server/public/js/views/admin.js	629	button.btn.btn-primary.btn-sm		class	btn-primary	modifier	component-owner	button-meaning	components/controls.md#tokens-und-einzeilige-controls	public/css/style.css
server/public/js/views/admin.js	629	button.btn.btn-primary.btn-sm		class	btn-sm	modifier	component-owner	button-small	components/controls.md#tokens-und-einzeilige-controls	public/css/style.css
server/public/js/views/admin.js	633	button.btn.btn-primary.btn-sm		class	btn	markup-class	component-owner	button	components/controls.md#tokens-und-einzeilige-controls	public/css/style.css
server/public/js/views/admin.js	633	button.btn.btn-primary.btn-sm		class	btn-primary	modifier	component-owner	button-meaning	components/controls.md#tokens-und-einzeilige-controls	public/css/style.css
server/public/js/views/admin.js	633	button.btn.btn-primary.btn-sm		class	btn-sm	modifier	component-owner	button-small	components/controls.md#tokens-und-einzeilige-controls	public/css/style.css
server/public/js/views/admin.js	637	button.btn.btn-primary.btn-sm		class	btn	markup-class	component-owner	button	components/controls.md#tokens-und-einzeilige-controls	public/css/style.css
server/public/js/views/admin.js	637	button.btn.btn-primary.btn-sm		class	btn-primary	modifier	component-owner	button-meaning	components/controls.md#tokens-und-einzeilige-controls	public/css/style.css
server/public/js/views/admin.js	637	button.btn.btn-primary.btn-sm		class	btn-sm	modifier	component-owner	button-small	components/controls.md#tokens-und-einzeilige-controls	public/css/style.css
server/public/js/views/admin.js	639			class	btn-primary	literal-modifier	component-owner	button-meaning	components/controls.md#tokens-und-einzeilige-controls	public/css/style.css
server/public/js/views/admin.js	641	button.btn.btn-primary.btn-sm		class	btn	markup-class	component-owner	button	components/controls.md#tokens-und-einzeilige-controls	public/css/style.css
server/public/js/views/admin.js	641	button.btn.btn-primary.btn-sm		class	btn-primary	modifier	component-owner	button-meaning	components/controls.md#tokens-und-einzeilige-controls	public/css/style.css
server/public/js/views/admin.js	641	button.btn.btn-primary.btn-sm		class	btn-sm	modifier	component-owner	button-small	components/controls.md#tokens-und-einzeilige-controls	public/css/style.css
server/public/js/views/admin.js	657	button.btn.btn-primary.btn-block		class	btn	markup-class	component-owner	button	components/controls.md#tokens-und-einzeilige-controls	public/css/style.css
server/public/js/views/admin.js	657	button.btn.btn-primary.btn-block		class	btn-block	modifier	component-owner	button-width	components/controls.md#tokens-und-einzeilige-controls	public/css/style.css
server/public/js/views/admin.js	657	button.btn.btn-primary.btn-block		class	btn-primary	modifier	component-owner	button-meaning	components/controls.md#tokens-und-einzeilige-controls	public/css/style.css
server/public/js/views/admin.js	663	button.btn.btn-sm		class	btn	markup-class	component-owner	button	components/controls.md#tokens-und-einzeilige-controls	public/css/style.css
server/public/js/views/admin.js	663	button.btn.btn-sm		class	btn-sm	modifier	component-owner	button-small	components/controls.md#tokens-und-einzeilige-controls	public/css/style.css
server/public/js/views/admin.js	676	button.btn.btn-primary		class	btn	markup-class	component-owner	button	components/controls.md#tokens-und-einzeilige-controls	public/css/style.css
server/public/js/views/admin.js	676	button.btn.btn-primary		class	btn-primary	modifier	component-owner	button-meaning	components/controls.md#tokens-und-einzeilige-controls	public/css/style.css
server/public/js/views/admin.js	694	button.btn.btn-sm.btn-danger		class	btn	markup-class	component-owner	button	components/controls.md#tokens-und-einzeilige-controls	public/css/style.css
server/public/js/views/admin.js	694	button.btn.btn-sm.btn-danger		class	btn-danger	modifier	component-owner	button-meaning	components/controls.md#tokens-und-einzeilige-controls	public/css/style.css
server/public/js/views/admin.js	694	button.btn.btn-sm.btn-danger		class	btn-sm	modifier	component-owner	button-small	components/controls.md#tokens-und-einzeilige-controls	public/css/style.css
server/public/js/views/admin.js	695	button.btn.btn-primary.btn-sm		class	btn	markup-class	component-owner	button	components/controls.md#tokens-und-einzeilige-controls	public/css/style.css
server/public/js/views/admin.js	695	button.btn.btn-primary.btn-sm		class	btn-primary	modifier	component-owner	button-meaning	components/controls.md#tokens-und-einzeilige-controls	public/css/style.css
server/public/js/views/admin.js	695	button.btn.btn-primary.btn-sm		class	btn-sm	modifier	component-owner	button-small	components/controls.md#tokens-und-einzeilige-controls	public/css/style.css
server/public/js/views/admin.js	709	button.btn.btn-sm		class	btn	markup-class	component-owner	button	components/controls.md#tokens-und-einzeilige-controls	public/css/style.css
server/public/js/views/admin.js	709	button.btn.btn-sm		class	btn-sm	modifier	component-owner	button-small	components/controls.md#tokens-und-einzeilige-controls	public/css/style.css
server/public/js/views/admin.js	723	button.btn.btn-sm		class	btn	markup-class	component-owner	button	components/controls.md#tokens-und-einzeilige-controls	public/css/style.css
server/public/js/views/admin.js	723	button.btn.btn-sm		class	btn-sm	modifier	component-owner	button-small	components/controls.md#tokens-und-einzeilige-controls	public/css/style.css
server/public/js/views/adminFeatureUsage.js	75	button.btn.btn-sm		class	btn	markup-class	component-owner	button	components/controls.md#tokens-und-einzeilige-controls	public/css/style.css
server/public/js/views/adminFeatureUsage.js	75	button.btn.btn-sm		class	btn-sm	modifier	component-owner	button-small	components/controls.md#tokens-und-einzeilige-controls	public/css/style.css
server/public/js/views/adminFeatureUsage.js	117	button.btn.btn-sm		class	btn	markup-class	component-owner	button	components/controls.md#tokens-und-einzeilige-controls	public/css/style.css
server/public/js/views/adminFeatureUsage.js	117	button.btn.btn-sm		class	btn-sm	modifier	component-owner	button-small	components/controls.md#tokens-und-einzeilige-controls	public/css/style.css
server/public/js/views/adminFeedback.js	52	button.btn		class	btn	markup-class	component-owner	button	components/controls.md#tokens-und-einzeilige-controls	public/css/style.css
server/public/js/views/adminFeedback.js	52			class	btn-primary	literal-modifier	component-owner	button-meaning	components/controls.md#tokens-und-einzeilige-controls	public/css/style.css
server/public/js/views/adminFeedback.js	98	button.btn.btn-sm		class	btn	markup-class	component-owner	button	components/controls.md#tokens-und-einzeilige-controls	public/css/style.css
server/public/js/views/adminFeedback.js	98	button.btn.btn-sm		class	btn-sm	modifier	component-owner	button-small	components/controls.md#tokens-und-einzeilige-controls	public/css/style.css
server/public/js/views/adminFeedback.js	113	summary.collapsible-section-header		class	collapsible-section-header	markup-class	component-owner	structural-disclosure	components/controls.md#strukturziele-mit-44-px	public/css/style.css
server/public/js/views/adminFeedback.js	158	button.btn.btn-sm		class	btn	markup-class	component-owner	button	components/controls.md#tokens-und-einzeilige-controls	public/css/style.css
server/public/js/views/adminFeedback.js	158	button.btn.btn-sm		class	btn-sm	modifier	component-owner	button-small	components/controls.md#tokens-und-einzeilige-controls	public/css/style.css
server/public/js/views/analytics.js	176	button.btn.btn-sm		class	btn	markup-class	component-owner	button	components/controls.md#tokens-und-einzeilige-controls	public/css/style.css
server/public/js/views/analytics.js	176			class	btn-primary	literal-modifier	component-owner	button-meaning	components/controls.md#tokens-und-einzeilige-controls	public/css/style.css
server/public/js/views/analytics.js	176	button.btn.btn-sm		class	btn-sm	modifier	component-owner	button-small	components/controls.md#tokens-und-einzeilige-controls	public/css/style.css
server/public/js/views/analytics.js	177	button.btn.btn-sm		class	btn	markup-class	component-owner	button	components/controls.md#tokens-und-einzeilige-controls	public/css/style.css
server/public/js/views/analytics.js	177			class	btn-primary	literal-modifier	component-owner	button-meaning	components/controls.md#tokens-und-einzeilige-controls	public/css/style.css
server/public/js/views/analytics.js	177	button.btn.btn-sm		class	btn-sm	modifier	component-owner	button-small	components/controls.md#tokens-und-einzeilige-controls	public/css/style.css
server/public/js/views/analytics.js	178	button.btn.btn-sm		class	btn	markup-class	component-owner	button	components/controls.md#tokens-und-einzeilige-controls	public/css/style.css
server/public/js/views/analytics.js	178			class	btn-primary	literal-modifier	component-owner	button-meaning	components/controls.md#tokens-und-einzeilige-controls	public/css/style.css
server/public/js/views/analytics.js	178	button.btn.btn-sm		class	btn-sm	modifier	component-owner	button-small	components/controls.md#tokens-und-einzeilige-controls	public/css/style.css
server/public/js/views/analytics.js	243		emptyStateHtml.className	className	empty-state-compact	empty-state-presentation	component-owner	empty-state-compact	components/empty-state.md#11-permanente-varianten-und-befristete-ausnahmen	public/css/style.css
server/public/js/views/analytics.js	284		emptyStateHtml.className	className	empty-state-compact	empty-state-presentation	component-owner	empty-state-compact	components/empty-state.md#11-permanente-varianten-und-befristete-ausnahmen	public/css/style.css
server/public/js/views/analytics.js	303		emptyStateHtml.className	className	empty-state-compact	empty-state-presentation	component-owner	empty-state-compact	components/empty-state.md#11-permanente-varianten-und-befristete-ausnahmen	public/css/style.css
server/public/js/views/analytics.js	316		emptyStateHtml.className	className	empty-state-compact	empty-state-presentation	component-owner	empty-state-compact	components/empty-state.md#11-permanente-varianten-und-befristete-ausnahmen	public/css/style.css
server/public/js/views/analytics.js	347	summary.collapsible-section-header		class	collapsible-section-header	markup-class	component-owner	structural-disclosure	components/controls.md#strukturziele-mit-44-px	public/css/style.css
server/public/js/views/analytics.js	356		emptyStateHtml.className	className	empty-state-compact	empty-state-presentation	component-owner	empty-state-compact	components/empty-state.md#11-permanente-varianten-und-befristete-ausnahmen	public/css/style.css
server/public/js/views/analytics.js	386		emptyStateHtml.className	className	empty-state-compact	empty-state-presentation	component-owner	empty-state-compact	components/empty-state.md#11-permanente-varianten-und-befristete-ausnahmen	public/css/style.css
server/public/js/views/analytics.js	398		emptyStateHtml.className	className	empty-state-compact	empty-state-presentation	component-owner	empty-state-compact	components/empty-state.md#11-permanente-varianten-und-befristete-ausnahmen	public/css/style.css
server/public/js/views/analytics.js	410		emptyStateHtml.className	className	empty-state-compact	empty-state-presentation	component-owner	empty-state-compact	components/empty-state.md#11-permanente-varianten-und-befristete-ausnahmen	public/css/style.css
server/public/js/views/analytics.js	422		emptyStateHtml.className	className	empty-state-compact	empty-state-presentation	component-owner	empty-state-compact	components/empty-state.md#11-permanente-varianten-und-befristete-ausnahmen	public/css/style.css
server/public/js/views/analytics.js	466		emptyStateHtml.className	className	empty-state-compact	empty-state-presentation	component-owner	empty-state-compact	components/empty-state.md#11-permanente-varianten-und-befristete-ausnahmen	public/css/style.css
server/public/js/views/arrivals.js	109	textarea.arrival-note-input		class	arrival-note-input	markup-class	component-owner	arrival-controls	components/controls.md#tokens-und-einzeilige-controls	public/css/style.css
server/public/js/views/arrivals.js	111	button.btn.btn-primary.btn-block		class	btn	markup-class	component-owner	button	components/controls.md#tokens-und-einzeilige-controls	public/css/style.css
server/public/js/views/arrivals.js	111	button.btn.btn-primary.btn-block		class	btn-block	modifier	component-owner	button-width	components/controls.md#tokens-und-einzeilige-controls	public/css/style.css
server/public/js/views/arrivals.js	111	button.btn.btn-primary.btn-block		class	btn-primary	modifier	component-owner	button-meaning	components/controls.md#tokens-und-einzeilige-controls	public/css/style.css
server/public/js/views/arrivals.js	155	button.btn.btn-sm.btn-primary		class	btn	markup-class	component-owner	button	components/controls.md#tokens-und-einzeilige-controls	public/css/style.css
server/public/js/views/arrivals.js	155	button.btn.btn-sm.btn-primary		class	btn-primary	modifier	component-owner	button-meaning	components/controls.md#tokens-und-einzeilige-controls	public/css/style.css
server/public/js/views/arrivals.js	155	button.btn.btn-sm.btn-primary		class	btn-sm	modifier	component-owner	button-small	components/controls.md#tokens-und-einzeilige-controls	public/css/style.css
server/public/js/views/arrivals.js	157	button.btn.btn-sm		class	btn	markup-class	component-owner	button	components/controls.md#tokens-und-einzeilige-controls	public/css/style.css
server/public/js/views/arrivals.js	157	button.btn.btn-sm		class	btn-sm	modifier	component-owner	button-small	components/controls.md#tokens-und-einzeilige-controls	public/css/style.css
server/public/js/views/arrivals.js	159	button.btn.btn-sm		class	btn	markup-class	component-owner	button	components/controls.md#tokens-und-einzeilige-controls	public/css/style.css
server/public/js/views/arrivals.js	159	button.btn.btn-sm		class	btn-sm	modifier	component-owner	button-small	components/controls.md#tokens-und-einzeilige-controls	public/css/style.css
server/public/js/views/arrivals.js	180	button.btn.btn-sm.btn-block		class	btn	markup-class	component-owner	button	components/controls.md#tokens-und-einzeilige-controls	public/css/style.css
server/public/js/views/arrivals.js	180	button.btn.btn-sm.btn-block		class	btn-block	modifier	component-owner	button-width	components/controls.md#tokens-und-einzeilige-controls	public/css/style.css
server/public/js/views/arrivals.js	180	button.btn.btn-sm.btn-block		class	btn-sm	modifier	component-owner	button-small	components/controls.md#tokens-und-einzeilige-controls	public/css/style.css
server/public/js/views/arrivals.js	197	button.btn.btn-sm.btn-primary		class	btn	markup-class	component-owner	button	components/controls.md#tokens-und-einzeilige-controls	public/css/style.css
server/public/js/views/arrivals.js	197	button.btn.btn-sm.btn-primary		class	btn-primary	modifier	component-owner	button-meaning	components/controls.md#tokens-und-einzeilige-controls	public/css/style.css
server/public/js/views/arrivals.js	197	button.btn.btn-sm.btn-primary		class	btn-sm	modifier	component-owner	button-small	components/controls.md#tokens-und-einzeilige-controls	public/css/style.css
server/public/js/views/arrivals.js	198	button.btn.btn-sm.btn-danger		class	btn	markup-class	component-owner	button	components/controls.md#tokens-und-einzeilige-controls	public/css/style.css
server/public/js/views/arrivals.js	198	button.btn.btn-sm.btn-danger		class	btn-danger	modifier	component-owner	button-meaning	components/controls.md#tokens-und-einzeilige-controls	public/css/style.css
server/public/js/views/arrivals.js	198	button.btn.btn-sm.btn-danger		class	btn-sm	modifier	component-owner	button-small	components/controls.md#tokens-und-einzeilige-controls	public/css/style.css
server/public/js/views/arrivals.js	219	button.btn.btn-sm.btn-primary		class	btn	markup-class	component-owner	button	components/controls.md#tokens-und-einzeilige-controls	public/css/style.css
server/public/js/views/arrivals.js	219	button.btn.btn-sm.btn-primary		class	btn-primary	modifier	component-owner	button-meaning	components/controls.md#tokens-und-einzeilige-controls	public/css/style.css
server/public/js/views/arrivals.js	219	button.btn.btn-sm.btn-primary		class	btn-sm	modifier	component-owner	button-small	components/controls.md#tokens-und-einzeilige-controls	public/css/style.css
server/public/js/views/arrivals.js	235		emptyStateHtml.className	className	arrivals-carpool-empty	empty-state-presentation	component-owner	empty-state-arrivals	components/empty-state.md#11-permanente-varianten-und-befristete-ausnahmen	public/css/style.css
server/public/js/views/arrivals.js	400	button.btn.btn-primary.btn-block		class	btn	markup-class	component-owner	button	components/controls.md#tokens-und-einzeilige-controls	public/css/style.css
server/public/js/views/arrivals.js	400	button.btn.btn-primary.btn-block		class	btn-block	modifier	component-owner	button-width	components/controls.md#tokens-und-einzeilige-controls	public/css/style.css
server/public/js/views/arrivals.js	400	button.btn.btn-primary.btn-block		class	btn-primary	modifier	component-owner	button-meaning	components/controls.md#tokens-und-einzeilige-controls	public/css/style.css
server/public/js/views/broadcast.js	53		emptyStateHtml.className	className	empty-state-compact	empty-state-presentation	component-owner	empty-state-compact	components/empty-state.md#11-permanente-varianten-und-befristete-ausnahmen	public/css/style.css
server/public/js/views/broadcast.js	73	button.btn.btn-sm.btn-danger		class	btn	markup-class	component-owner	button	components/controls.md#tokens-und-einzeilige-controls	public/css/style.css
server/public/js/views/broadcast.js	73	button.btn.btn-sm.btn-danger		class	btn-danger	modifier	component-owner	button-meaning	components/controls.md#tokens-und-einzeilige-controls	public/css/style.css
server/public/js/views/broadcast.js	73	button.btn.btn-sm.btn-danger		class	btn-sm	modifier	component-owner	button-small	components/controls.md#tokens-und-einzeilige-controls	public/css/style.css
server/public/js/views/broadcast.js	136	button.btn.btn-primary		class	btn	markup-class	component-owner	button	components/controls.md#tokens-und-einzeilige-controls	public/css/style.css
server/public/js/views/broadcast.js	136	button.btn.btn-primary		class	btn-primary	modifier	component-owner	button-meaning	components/controls.md#tokens-und-einzeilige-controls	public/css/style.css
server/public/js/views/broadcast.js	140	summary.collapsible-section-header		class	collapsible-section-header	markup-class	component-owner	structural-disclosure	components/controls.md#strukturziele-mit-44-px	public/css/style.css
server/public/js/views/checklist.js	189	button.btn		class	btn	markup-class	component-owner	button	components/controls.md#tokens-und-einzeilige-controls	public/css/style.css
server/public/js/views/checklist.js	207	button.icon-btn		class	icon-btn	markup-class	component-owner	icon-button	components/controls.md#tokens-und-einzeilige-controls	public/css/style.css
server/public/js/views/checklist.js	236	button.btn.btn-primary.btn-sm		class	btn	markup-class	component-owner	button	components/controls.md#tokens-und-einzeilige-controls	public/css/style.css
server/public/js/views/checklist.js	236	button.btn.btn-primary.btn-sm		class	btn-primary	modifier	component-owner	button-meaning	components/controls.md#tokens-und-einzeilige-controls	public/css/style.css
server/public/js/views/checklist.js	236	button.btn.btn-primary.btn-sm		class	btn-sm	modifier	component-owner	button-small	components/controls.md#tokens-und-einzeilige-controls	public/css/style.css
server/public/js/views/checklist.js	238	button.btn.btn-danger.btn-sm		class	btn	markup-class	component-owner	button	components/controls.md#tokens-und-einzeilige-controls	public/css/style.css
server/public/js/views/checklist.js	238	button.btn.btn-danger.btn-sm		class	btn-danger	modifier	component-owner	button-meaning	components/controls.md#tokens-und-einzeilige-controls	public/css/style.css
server/public/js/views/checklist.js	238	button.btn.btn-danger.btn-sm		class	btn-sm	modifier	component-owner	button-small	components/controls.md#tokens-und-einzeilige-controls	public/css/style.css
server/public/js/views/checklist.js	243	button.btn.btn-sm		class	btn	markup-class	component-owner	button	components/controls.md#tokens-und-einzeilige-controls	public/css/style.css
server/public/js/views/checklist.js	243	button.btn.btn-sm		class	btn-sm	modifier	component-owner	button-small	components/controls.md#tokens-und-einzeilige-controls	public/css/style.css
server/public/js/views/checklist.js	244	button.btn.btn-primary.btn-sm		class	btn	markup-class	component-owner	button	components/controls.md#tokens-und-einzeilige-controls	public/css/style.css
server/public/js/views/checklist.js	244	button.btn.btn-primary.btn-sm		class	btn-primary	modifier	component-owner	button-meaning	components/controls.md#tokens-und-einzeilige-controls	public/css/style.css
server/public/js/views/checklist.js	244	button.btn.btn-primary.btn-sm		class	btn-sm	modifier	component-owner	button-small	components/controls.md#tokens-und-einzeilige-controls	public/css/style.css
server/public/js/views/checklist.js	278			class	btn-primary	literal-modifier	component-owner	button-meaning	components/controls.md#tokens-und-einzeilige-controls	public/css/style.css
server/public/js/views/checklist.js	287	button.btn.btn-primary.btn-block		class	btn	markup-class	component-owner	button	components/controls.md#tokens-und-einzeilige-controls	public/css/style.css
server/public/js/views/checklist.js	287	button.btn.btn-primary.btn-block		class	btn-block	modifier	component-owner	button-width	components/controls.md#tokens-und-einzeilige-controls	public/css/style.css
server/public/js/views/checklist.js	287	button.btn.btn-primary.btn-block		class	btn-primary	modifier	component-owner	button-meaning	components/controls.md#tokens-und-einzeilige-controls	public/css/style.css
server/public/js/views/checklist.js	380	button.btn		class	btn	markup-class	component-owner	button	components/controls.md#tokens-und-einzeilige-controls	public/css/style.css
server/public/js/views/checklist.js	380			class	btn-primary	literal-modifier	component-owner	button-meaning	components/controls.md#tokens-und-einzeilige-controls	public/css/style.css
server/public/js/views/checklist.js	381	button.btn		class	btn	markup-class	component-owner	button	components/controls.md#tokens-und-einzeilige-controls	public/css/style.css
server/public/js/views/checklist.js	381			class	btn-primary	literal-modifier	component-owner	button-meaning	components/controls.md#tokens-und-einzeilige-controls	public/css/style.css
server/public/js/views/checklist.js	396	button.btn		class	btn	markup-class	component-owner	button	components/controls.md#tokens-und-einzeilige-controls	public/css/style.css
server/public/js/views/checklist.js	396			class	btn-primary	literal-modifier	component-owner	button-meaning	components/controls.md#tokens-und-einzeilige-controls	public/css/style.css
server/public/js/views/checklist.js	397	button.btn		class	btn	markup-class	component-owner	button	components/controls.md#tokens-und-einzeilige-controls	public/css/style.css
server/public/js/views/checklist.js	397			class	btn-primary	literal-modifier	component-owner	button-meaning	components/controls.md#tokens-und-einzeilige-controls	public/css/style.css
server/public/js/views/checklist.js	398	button.btn		class	btn	markup-class	component-owner	button	components/controls.md#tokens-und-einzeilige-controls	public/css/style.css
server/public/js/views/checklist.js	398			class	btn-primary	literal-modifier	component-owner	button-meaning	components/controls.md#tokens-und-einzeilige-controls	public/css/style.css
server/public/js/views/checklist.js	403	button.btn.btn-sm		class	btn	markup-class	component-owner	button	components/controls.md#tokens-und-einzeilige-controls	public/css/style.css
server/public/js/views/checklist.js	403	button.btn.btn-sm		class	btn-sm	modifier	component-owner	button-small	components/controls.md#tokens-und-einzeilige-controls	public/css/style.css
server/public/js/views/checklist.js	404	button.btn.btn-sm		class	btn	markup-class	component-owner	button	components/controls.md#tokens-und-einzeilige-controls	public/css/style.css
server/public/js/views/checklist.js	404	button.btn.btn-sm		class	btn-sm	modifier	component-owner	button-small	components/controls.md#tokens-und-einzeilige-controls	public/css/style.css
server/public/js/views/checklist.js	414	button.btn.btn-primary.btn-block		class	btn	markup-class	component-owner	button	components/controls.md#tokens-und-einzeilige-controls	public/css/style.css
server/public/js/views/checklist.js	414	button.btn.btn-primary.btn-block		class	btn-block	modifier	component-owner	button-width	components/controls.md#tokens-und-einzeilige-controls	public/css/style.css
server/public/js/views/checklist.js	414	button.btn.btn-primary.btn-block		class	btn-primary	modifier	component-owner	button-meaning	components/controls.md#tokens-und-einzeilige-controls	public/css/style.css
server/public/js/views/checklist.js	543	button.btn.btn-primary.btn-sm		class	btn	markup-class	component-owner	button	components/controls.md#tokens-und-einzeilige-controls	public/css/style.css
server/public/js/views/checklist.js	543	button.btn.btn-primary.btn-sm		class	btn-primary	modifier	component-owner	button-meaning	components/controls.md#tokens-und-einzeilige-controls	public/css/style.css
server/public/js/views/checklist.js	543	button.btn.btn-primary.btn-sm		class	btn-sm	modifier	component-owner	button-small	components/controls.md#tokens-und-einzeilige-controls	public/css/style.css
server/public/js/views/checklist.js	560	summary.collapsible-section-header		class	collapsible-section-header	markup-class	component-owner	structural-disclosure	components/controls.md#strukturziele-mit-44-px	public/css/style.css
server/public/js/views/eventPolls.js	260	button.btn		class	btn	markup-class	component-owner	button	components/controls.md#tokens-und-einzeilige-controls	public/css/style.css
server/public/js/views/eventPolls.js	260			class	btn-primary	literal-modifier	component-owner	button-meaning	components/controls.md#tokens-und-einzeilige-controls	public/css/style.css
server/public/js/views/eventPolls.js	270	button.btn		class	btn	markup-class	component-owner	button	components/controls.md#tokens-und-einzeilige-controls	public/css/style.css
server/public/js/views/eventPolls.js	270			class	btn-primary	literal-modifier	component-owner	button-meaning	components/controls.md#tokens-und-einzeilige-controls	public/css/style.css
server/public/js/views/eventPolls.js	280	button.btn.btn-sm		class	btn	markup-class	component-owner	button	components/controls.md#tokens-und-einzeilige-controls	public/css/style.css
server/public/js/views/eventPolls.js	280			class	btn-primary	literal-modifier	component-owner	button-meaning	components/controls.md#tokens-und-einzeilige-controls	public/css/style.css
server/public/js/views/eventPolls.js	280	button.btn.btn-sm		class	btn-sm	modifier	component-owner	button-small	components/controls.md#tokens-und-einzeilige-controls	public/css/style.css
server/public/js/views/eventPolls.js	310	a.icon-btn.event-poll-option-link		class	event-poll-option-link	markup-class	component-owner	poll-option-link	components/controls.md#11-permanente-varianten-und-befristete-ausnahmen	public/css/style.css
server/public/js/views/eventPolls.js	310	a.icon-btn.event-poll-option-link		class	icon-btn	markup-class	component-owner	icon-button	components/controls.md#tokens-und-einzeilige-controls	public/css/style.css
server/public/js/views/eventPolls.js	328	button.btn.btn-sm		class	btn	markup-class	component-owner	button	components/controls.md#tokens-und-einzeilige-controls	public/css/style.css
server/public/js/views/eventPolls.js	328	button.btn.btn-sm		class	btn-sm	modifier	component-owner	button-small	components/controls.md#tokens-und-einzeilige-controls	public/css/style.css
server/public/js/views/eventPolls.js	329	button.btn.btn-sm		class	btn	markup-class	component-owner	button	components/controls.md#tokens-und-einzeilige-controls	public/css/style.css
server/public/js/views/eventPolls.js	329	button.btn.btn-sm		class	btn-sm	modifier	component-owner	button-small	components/controls.md#tokens-und-einzeilige-controls	public/css/style.css
server/public/js/views/eventPolls.js	330	button.btn.btn-sm		class	btn	markup-class	component-owner	button	components/controls.md#tokens-und-einzeilige-controls	public/css/style.css
server/public/js/views/eventPolls.js	330	button.btn.btn-sm		class	btn-sm	modifier	component-owner	button-small	components/controls.md#tokens-und-einzeilige-controls	public/css/style.css
server/public/js/views/eventPolls.js	331	button.btn.btn-sm.btn-danger		class	btn	markup-class	component-owner	button	components/controls.md#tokens-und-einzeilige-controls	public/css/style.css
server/public/js/views/eventPolls.js	331	button.btn.btn-sm.btn-danger		class	btn-danger	modifier	component-owner	button-meaning	components/controls.md#tokens-und-einzeilige-controls	public/css/style.css
server/public/js/views/eventPolls.js	331	button.btn.btn-sm.btn-danger		class	btn-sm	modifier	component-owner	button-small	components/controls.md#tokens-und-einzeilige-controls	public/css/style.css
server/public/js/views/eventPolls.js	335	button.btn.btn-sm		class	btn	markup-class	component-owner	button	components/controls.md#tokens-und-einzeilige-controls	public/css/style.css
server/public/js/views/eventPolls.js	335	button.btn.btn-sm		class	btn-sm	modifier	component-owner	button-small	components/controls.md#tokens-und-einzeilige-controls	public/css/style.css
server/public/js/views/eventPolls.js	338	button.btn.btn-sm		class	btn	markup-class	component-owner	button	components/controls.md#tokens-und-einzeilige-controls	public/css/style.css
server/public/js/views/eventPolls.js	338	button.btn.btn-sm		class	btn-sm	modifier	component-owner	button-small	components/controls.md#tokens-und-einzeilige-controls	public/css/style.css
server/public/js/views/eventPolls.js	339	button.btn.btn-sm		class	btn	markup-class	component-owner	button	components/controls.md#tokens-und-einzeilige-controls	public/css/style.css
server/public/js/views/eventPolls.js	339	button.btn.btn-sm		class	btn-sm	modifier	component-owner	button-small	components/controls.md#tokens-und-einzeilige-controls	public/css/style.css
server/public/js/views/eventPolls.js	340	button.btn.btn-sm.btn-danger		class	btn	markup-class	component-owner	button	components/controls.md#tokens-und-einzeilige-controls	public/css/style.css
server/public/js/views/eventPolls.js	340	button.btn.btn-sm.btn-danger		class	btn-danger	modifier	component-owner	button-meaning	components/controls.md#tokens-und-einzeilige-controls	public/css/style.css
server/public/js/views/eventPolls.js	340	button.btn.btn-sm.btn-danger		class	btn-sm	modifier	component-owner	button-small	components/controls.md#tokens-und-einzeilige-controls	public/css/style.css
server/public/js/views/eventPolls.js	358	button.btn.btn-primary.btn-sm		class	btn	markup-class	component-owner	button	components/controls.md#tokens-und-einzeilige-controls	public/css/style.css
server/public/js/views/eventPolls.js	358	button.btn.btn-primary.btn-sm		class	btn-primary	modifier	component-owner	button-meaning	components/controls.md#tokens-und-einzeilige-controls	public/css/style.css
server/public/js/views/eventPolls.js	358	button.btn.btn-primary.btn-sm		class	btn-sm	modifier	component-owner	button-small	components/controls.md#tokens-und-einzeilige-controls	public/css/style.css
server/public/js/views/eventPolls.js	386	summary.collapsible-section-header		class	collapsible-section-header	markup-class	component-owner	structural-disclosure	components/controls.md#strukturziele-mit-44-px	public/css/style.css
server/public/js/views/eventPolls.js	398	summary.collapsible-section-header		class	collapsible-section-header	markup-class	component-owner	structural-disclosure	components/controls.md#strukturziele-mit-44-px	public/css/style.css
server/public/js/views/eventPolls.js	414	button.event-poll-card-toggle		class	event-poll-card-toggle	markup-class	component-owner	poll-disclosure	components/controls.md#zusatzklassen-und-zusammengesetzte-controls	public/css/style.css
server/public/js/views/eventPolls.js	436	button.icon-btn		class	icon-btn	markup-class	component-owner	icon-button	components/controls.md#tokens-und-einzeilige-controls	public/css/style.css
server/public/js/views/eventPolls.js	507	button.btn.btn-sm		class	btn	markup-class	component-owner	button	components/controls.md#tokens-und-einzeilige-controls	public/css/style.css
server/public/js/views/eventPolls.js	507	button.btn.btn-sm		class	btn-sm	modifier	component-owner	button-small	components/controls.md#tokens-und-einzeilige-controls	public/css/style.css
server/public/js/views/eventPolls.js	516	button.btn.btn-primary.btn-block		class	btn	markup-class	component-owner	button	components/controls.md#tokens-und-einzeilige-controls	public/css/style.css
server/public/js/views/eventPolls.js	516	button.btn.btn-primary.btn-block		class	btn-block	modifier	component-owner	button-width	components/controls.md#tokens-und-einzeilige-controls	public/css/style.css
server/public/js/views/eventPolls.js	516	button.btn.btn-primary.btn-block		class	btn-primary	modifier	component-owner	button-meaning	components/controls.md#tokens-und-einzeilige-controls	public/css/style.css
server/public/js/views/eventPolls.js	605	button.btn.btn-sm		class	btn	markup-class	component-owner	button	components/controls.md#tokens-und-einzeilige-controls	public/css/style.css
server/public/js/views/eventPolls.js	605	button.btn.btn-sm		class	btn-sm	modifier	component-owner	button-small	components/controls.md#tokens-und-einzeilige-controls	public/css/style.css
server/public/js/views/eventPolls.js	614	button.btn.btn-primary.btn-block		class	btn	markup-class	component-owner	button	components/controls.md#tokens-und-einzeilige-controls	public/css/style.css
server/public/js/views/eventPolls.js	614	button.btn.btn-primary.btn-block		class	btn-block	modifier	component-owner	button-width	components/controls.md#tokens-und-einzeilige-controls	public/css/style.css
server/public/js/views/eventPolls.js	614	button.btn.btn-primary.btn-block		class	btn-primary	modifier	component-owner	button-meaning	components/controls.md#tokens-und-einzeilige-controls	public/css/style.css
server/public/js/views/eventPolls.js	679	button.btn.btn-primary.btn-block		class	btn	markup-class	component-owner	button	components/controls.md#tokens-und-einzeilige-controls	public/css/style.css
server/public/js/views/eventPolls.js	679	button.btn.btn-primary.btn-block		class	btn-block	modifier	component-owner	button-width	components/controls.md#tokens-und-einzeilige-controls	public/css/style.css
server/public/js/views/eventPolls.js	679	button.btn.btn-primary.btn-block		class	btn-primary	modifier	component-owner	button-meaning	components/controls.md#tokens-und-einzeilige-controls	public/css/style.css
server/public/js/views/eventPolls.js	920	button.btn.btn-sm		class	btn	markup-class	component-owner	button	components/controls.md#tokens-und-einzeilige-controls	public/css/style.css
server/public/js/views/eventPolls.js	920	button.btn.btn-sm		class	btn-sm	modifier	component-owner	button-small	components/controls.md#tokens-und-einzeilige-controls	public/css/style.css
server/public/js/views/eventPolls.js	930	button.btn.btn-primary.btn-sm		class	btn	markup-class	component-owner	button	components/controls.md#tokens-und-einzeilige-controls	public/css/style.css
server/public/js/views/eventPolls.js	930	button.btn.btn-primary.btn-sm		class	btn-primary	modifier	component-owner	button-meaning	components/controls.md#tokens-und-einzeilige-controls	public/css/style.css
server/public/js/views/eventPolls.js	930	button.btn.btn-primary.btn-sm		class	btn-sm	modifier	component-owner	button-small	components/controls.md#tokens-und-einzeilige-controls	public/css/style.css
server/public/js/views/events.js	108	button.icon-btn.tournament-lobby-copy		class	icon-btn	markup-class	component-owner	icon-button	components/controls.md#tokens-und-einzeilige-controls	public/css/style.css
server/public/js/views/events.js	108	button.icon-btn.tournament-lobby-copy		class	tournament-lobby-copy	markup-class	component-owner	row-icons	components/controls.md#tokens-und-einzeilige-controls	public/css/style.css
server/public/js/views/events.js	114	button.btn		class	btn	markup-class	component-owner	button	components/controls.md#tokens-und-einzeilige-controls	public/css/style.css
server/public/js/views/events.js	135	a.btn.btn-primary.btn-block.kiosk-open-link		class	btn	markup-class	component-owner	button	components/controls.md#tokens-und-einzeilige-controls	public/css/style.css
server/public/js/views/events.js	135	a.btn.btn-primary.btn-block.kiosk-open-link		class	btn-block	modifier	component-owner	button-width	components/controls.md#tokens-und-einzeilige-controls	public/css/style.css
server/public/js/views/events.js	135	a.btn.btn-primary.btn-block.kiosk-open-link		class	btn-primary	modifier	component-owner	button-meaning	components/controls.md#tokens-und-einzeilige-controls	public/css/style.css
server/public/js/views/events.js	135	a.btn.btn-primary.btn-block.kiosk-open-link		class	kiosk-open-link	markup-class	component-owner	kiosk-open-link	components/controls.md#11-permanente-varianten-und-befristete-ausnahmen	public/css/style.css
server/public/js/views/events.js	155	button.btn.btn-sm		class	btn	markup-class	component-owner	button	components/controls.md#tokens-und-einzeilige-controls	public/css/style.css
server/public/js/views/events.js	155	button.btn.btn-sm		class	btn-sm	modifier	component-owner	button-small	components/controls.md#tokens-und-einzeilige-controls	public/css/style.css
server/public/js/views/events.js	192	button.btn.btn-primary		class	btn	markup-class	component-owner	button	components/controls.md#tokens-und-einzeilige-controls	public/css/style.css
server/public/js/views/events.js	192	button.btn.btn-primary		class	btn-primary	modifier	component-owner	button-meaning	components/controls.md#tokens-und-einzeilige-controls	public/css/style.css
server/public/js/views/events.js	193	button.btn		class	btn	markup-class	component-owner	button	components/controls.md#tokens-und-einzeilige-controls	public/css/style.css
server/public/js/views/events.js	353	summary.collapsible-section-header		class	collapsible-section-header	markup-class	component-owner	structural-disclosure	components/controls.md#strukturziele-mit-44-px	public/css/style.css
server/public/js/views/events.js	380	button.payment-paid-marker		class	payment-paid-marker	markup-class	component-owner	payment-controls	components/controls.md#tokens-und-einzeilige-controls	public/css/domains.css
server/public/js/views/events.js	487	button.payment-paid-marker		class	payment-paid-marker	markup-class	component-owner	payment-controls	components/controls.md#tokens-und-einzeilige-controls	public/css/domains.css
server/public/js/views/events.js	489	button.btn.btn-primary.btn-sm.event-paypal-button		class	btn	markup-class	component-owner	button	components/controls.md#tokens-und-einzeilige-controls	public/css/style.css
server/public/js/views/events.js	489	button.btn.btn-primary.btn-sm.event-paypal-button		class	btn-primary	modifier	component-owner	button-meaning	components/controls.md#tokens-und-einzeilige-controls	public/css/style.css
server/public/js/views/events.js	489	button.btn.btn-primary.btn-sm.event-paypal-button		class	btn-sm	modifier	component-owner	button-small	components/controls.md#tokens-und-einzeilige-controls	public/css/style.css
server/public/js/views/events.js	489	button.btn.btn-primary.btn-sm.event-paypal-button		class	event-paypal-button	markup-class	component-owner	payment-controls	components/controls.md#tokens-und-einzeilige-controls	public/css/domains.css
server/public/js/views/events.js	619	button.btn.btn-sm		class	btn	markup-class	component-owner	button	components/controls.md#tokens-und-einzeilige-controls	public/css/style.css
server/public/js/views/events.js	619	button.btn.btn-sm		class	btn-sm	modifier	component-owner	button-small	components/controls.md#tokens-und-einzeilige-controls	public/css/style.css
server/public/js/views/events.js	623			class	btn-primary	literal-modifier	component-owner	button-meaning	components/controls.md#tokens-und-einzeilige-controls	public/css/style.css
server/public/js/views/events.js	623	button.btn-sm		class	btn-sm	modifier	component-owner	button-small	components/controls.md#tokens-und-einzeilige-controls	public/css/style.css
server/public/js/views/events.js	672	button.food-order-card-header-toggle		class	food-order-card-header-toggle	markup-class	component-owner	food-disclosure	components/controls.md#zusatzklassen-und-zusammengesetzte-controls	public/css/domains.css
server/public/js/views/events.js	750	button.btn.btn-sm		class	btn	markup-class	component-owner	button	components/controls.md#tokens-und-einzeilige-controls	public/css/style.css
server/public/js/views/events.js	750	button.btn.btn-sm		class	btn-sm	modifier	component-owner	button-small	components/controls.md#tokens-und-einzeilige-controls	public/css/style.css
server/public/js/views/events.js	752	button.btn.btn-sm		class	btn	markup-class	component-owner	button	components/controls.md#tokens-und-einzeilige-controls	public/css/style.css
server/public/js/views/events.js	752	button.btn.btn-sm		class	btn-sm	modifier	component-owner	button-small	components/controls.md#tokens-und-einzeilige-controls	public/css/style.css
server/public/js/views/events.js	753	button.btn.btn-sm		class	btn	markup-class	component-owner	button	components/controls.md#tokens-und-einzeilige-controls	public/css/style.css
server/public/js/views/events.js	753	button.btn.btn-sm		class	btn-sm	modifier	component-owner	button-small	components/controls.md#tokens-und-einzeilige-controls	public/css/style.css
server/public/js/views/events.js	756	button.btn.btn-sm.btn-danger		class	btn	markup-class	component-owner	button	components/controls.md#tokens-und-einzeilige-controls	public/css/style.css
server/public/js/views/events.js	756	button.btn.btn-sm.btn-danger		class	btn-danger	modifier	component-owner	button-meaning	components/controls.md#tokens-und-einzeilige-controls	public/css/style.css
server/public/js/views/events.js	756	button.btn.btn-sm.btn-danger		class	btn-sm	modifier	component-owner	button-small	components/controls.md#tokens-und-einzeilige-controls	public/css/style.css
server/public/js/views/events.js	770	button.btn.btn-sm		class	btn	markup-class	component-owner	button	components/controls.md#tokens-und-einzeilige-controls	public/css/style.css
server/public/js/views/events.js	770	button.btn.btn-sm		class	btn-sm	modifier	component-owner	button-small	components/controls.md#tokens-und-einzeilige-controls	public/css/style.css
server/public/js/views/events.js	772	button.btn.btn-sm		class	btn	markup-class	component-owner	button	components/controls.md#tokens-und-einzeilige-controls	public/css/style.css
server/public/js/views/events.js	772	button.btn.btn-sm		class	btn-sm	modifier	component-owner	button-small	components/controls.md#tokens-und-einzeilige-controls	public/css/style.css
server/public/js/views/events.js	832			class	btn-primary	literal-modifier	component-owner	button-meaning	components/controls.md#tokens-und-einzeilige-controls	public/css/style.css
server/public/js/views/events.js	833	button.btn.btn-primary.btn-sm		class	btn	markup-class	component-owner	button	components/controls.md#tokens-und-einzeilige-controls	public/css/style.css
server/public/js/views/events.js	833	button.btn.btn-primary.btn-sm		class	btn-primary	modifier	component-owner	button-meaning	components/controls.md#tokens-und-einzeilige-controls	public/css/style.css
server/public/js/views/events.js	833	button.btn.btn-primary.btn-sm		class	btn-sm	modifier	component-owner	button-small	components/controls.md#tokens-und-einzeilige-controls	public/css/style.css
server/public/js/views/events.js	848	summary.collapsible-section-header		class	collapsible-section-header	markup-class	component-owner	structural-disclosure	components/controls.md#strukturziele-mit-44-px	public/css/style.css
server/public/js/views/events.js	864	summary.collapsible-section-header		class	collapsible-section-header	markup-class	component-owner	structural-disclosure	components/controls.md#strukturziele-mit-44-px	public/css/style.css
server/public/js/views/events.js	900	button.btn.btn-primary		class	btn	markup-class	component-owner	button	components/controls.md#tokens-und-einzeilige-controls	public/css/style.css
server/public/js/views/events.js	900	button.btn.btn-primary		class	btn-primary	modifier	component-owner	button-meaning	components/controls.md#tokens-und-einzeilige-controls	public/css/style.css
server/public/js/views/events.js	901	button.btn		class	btn	markup-class	component-owner	button	components/controls.md#tokens-und-einzeilige-controls	public/css/style.css
server/public/js/views/events.js	920	button.btn.btn-primary.btn-block		class	btn	markup-class	component-owner	button	components/controls.md#tokens-und-einzeilige-controls	public/css/style.css
server/public/js/views/events.js	920	button.btn.btn-primary.btn-block		class	btn-block	modifier	component-owner	button-width	components/controls.md#tokens-und-einzeilige-controls	public/css/style.css
server/public/js/views/events.js	920	button.btn.btn-primary.btn-block		class	btn-primary	modifier	component-owner	button-meaning	components/controls.md#tokens-und-einzeilige-controls	public/css/style.css
server/public/js/views/events.js	1088	input.food-order-price-input		class	food-order-price-input	markup-class	component-owner	food-fields	components/controls.md#tokens-und-einzeilige-controls	public/css/domains.css
server/public/js/views/events.js	1098	input.food-order-price-input		class	food-order-price-input	markup-class	component-owner	food-fields	components/controls.md#tokens-und-einzeilige-controls	public/css/domains.css
server/public/js/views/events.js	1123	button.btn.btn-primary.btn-block		class	btn	markup-class	component-owner	button	components/controls.md#tokens-und-einzeilige-controls	public/css/style.css
server/public/js/views/events.js	1123	button.btn.btn-primary.btn-block		class	btn-block	modifier	component-owner	button-width	components/controls.md#tokens-und-einzeilige-controls	public/css/style.css
server/public/js/views/events.js	1123	button.btn.btn-primary.btn-block		class	btn-primary	modifier	component-owner	button-meaning	components/controls.md#tokens-und-einzeilige-controls	public/css/style.css
server/public/js/views/events.js	1255	button.btn.btn-sm		class	btn	markup-class	component-owner	button	components/controls.md#tokens-und-einzeilige-controls	public/css/style.css
server/public/js/views/events.js	1255	button.btn.btn-sm		class	btn-sm	modifier	component-owner	button-small	components/controls.md#tokens-und-einzeilige-controls	public/css/style.css
server/public/js/views/events.js	1256	button.btn.btn-sm.btn-danger		class	btn	markup-class	component-owner	button	components/controls.md#tokens-und-einzeilige-controls	public/css/style.css
server/public/js/views/events.js	1256	button.btn.btn-sm.btn-danger		class	btn-danger	modifier	component-owner	button-meaning	components/controls.md#tokens-und-einzeilige-controls	public/css/style.css
server/public/js/views/events.js	1256	button.btn.btn-sm.btn-danger		class	btn-sm	modifier	component-owner	button-small	components/controls.md#tokens-und-einzeilige-controls	public/css/style.css
server/public/js/views/events.js	1302	button.btn.btn-primary.btn-block		class	btn	markup-class	component-owner	button	components/controls.md#tokens-und-einzeilige-controls	public/css/style.css
server/public/js/views/events.js	1302	button.btn.btn-primary.btn-block		class	btn-block	modifier	component-owner	button-width	components/controls.md#tokens-und-einzeilige-controls	public/css/style.css
server/public/js/views/events.js	1302	button.btn.btn-primary.btn-block		class	btn-primary	modifier	component-owner	button-meaning	components/controls.md#tokens-und-einzeilige-controls	public/css/style.css
server/public/js/views/foodOrders.js	410	button.icon-btn.food-order-item-action.food-order-item-copy		class	food-order-item-action	markup-class	component-owner	food-action-slots	components/controls.md#zusatzklassen-und-zusammengesetzte-controls	public/css/domains.css
server/public/js/views/foodOrders.js	410	button.icon-btn.food-order-item-action.food-order-item-copy		class	food-order-item-copy	markup-class	component-owner	food-action-slots	components/controls.md#zusatzklassen-und-zusammengesetzte-controls	public/css/domains.css
server/public/js/views/foodOrders.js	410	button.icon-btn.food-order-item-action.food-order-item-copy		class	icon-btn	markup-class	component-owner	icon-button	components/controls.md#tokens-und-einzeilige-controls	public/css/style.css
server/public/js/views/foodOrders.js	417	button.icon-btn.food-order-item-action.food-order-item-remove		class	food-order-item-action	markup-class	component-owner	food-action-slots	components/controls.md#zusatzklassen-und-zusammengesetzte-controls	public/css/domains.css
server/public/js/views/foodOrders.js	417	button.icon-btn.food-order-item-action.food-order-item-remove		class	food-order-item-remove	markup-class	component-owner	food-action-slots	components/controls.md#zusatzklassen-und-zusammengesetzte-controls	public/css/domains.css
server/public/js/views/foodOrders.js	417	button.icon-btn.food-order-item-action.food-order-item-remove		class	icon-btn	markup-class	component-owner	icon-button	components/controls.md#tokens-und-einzeilige-controls	public/css/style.css
server/public/js/views/foodOrders.js	490	button.food-order-group-toggle		class	food-order-group-toggle	markup-class	component-owner	food-disclosure	components/controls.md#zusatzklassen-und-zusammengesetzte-controls	public/css/domains.css
server/public/js/views/foodOrders.js	511	button.payment-paid-marker.food-order-paid-marker		class	food-order-paid-marker	markup-class	component-owner	payment-controls	components/controls.md#tokens-und-einzeilige-controls	public/css/domains.css
server/public/js/views/foodOrders.js	511	button.payment-paid-marker.food-order-paid-marker		class	payment-paid-marker	markup-class	component-owner	payment-controls	components/controls.md#tokens-und-einzeilige-controls	public/css/domains.css
server/public/js/views/foodOrders.js	524	button.icon-btn.payment-paypal-button.food-order-item-action.food-order-group-pay		class	food-order-group-pay	markup-class	component-owner	payment-controls	components/controls.md#tokens-und-einzeilige-controls	public/css/domains.css
server/public/js/views/foodOrders.js	524	button.icon-btn.payment-paypal-button.food-order-item-action.food-order-group-pay		class	food-order-item-action	markup-class	component-owner	food-action-slots	components/controls.md#zusatzklassen-und-zusammengesetzte-controls	public/css/domains.css
server/public/js/views/foodOrders.js	524	button.icon-btn.payment-paypal-button.food-order-item-action.food-order-group-pay		class	icon-btn	markup-class	component-owner	icon-button	components/controls.md#tokens-und-einzeilige-controls	public/css/style.css
server/public/js/views/foodOrders.js	524	button.icon-btn.payment-paypal-button.food-order-item-action.food-order-group-pay		class	payment-paypal-button	markup-class	component-owner	payment-controls	components/controls.md#tokens-und-einzeilige-controls	public/css/domains.css
server/public/js/views/foodOrders.js	529	button.icon-btn.food-order-item-action.food-order-group-copy		class	food-order-group-copy	markup-class	component-owner	payment-controls	components/controls.md#tokens-und-einzeilige-controls	public/css/domains.css
server/public/js/views/foodOrders.js	529	button.icon-btn.food-order-item-action.food-order-group-copy		class	food-order-item-action	markup-class	component-owner	food-action-slots	components/controls.md#zusatzklassen-und-zusammengesetzte-controls	public/css/domains.css
server/public/js/views/foodOrders.js	529	button.icon-btn.food-order-item-action.food-order-group-copy		class	icon-btn	markup-class	component-owner	icon-button	components/controls.md#tokens-und-einzeilige-controls	public/css/style.css
server/public/js/views/foodOrders.js	538	button.icon-btn.food-order-item-action.food-order-group-remove		class	food-order-group-remove	markup-class	component-owner	payment-controls	components/controls.md#tokens-und-einzeilige-controls	public/css/domains.css
server/public/js/views/foodOrders.js	538	button.icon-btn.food-order-item-action.food-order-group-remove		class	food-order-item-action	markup-class	component-owner	food-action-slots	components/controls.md#zusatzklassen-und-zusammengesetzte-controls	public/css/domains.css
server/public/js/views/foodOrders.js	538	button.icon-btn.food-order-item-action.food-order-group-remove		class	icon-btn	markup-class	component-owner	icon-button	components/controls.md#tokens-und-einzeilige-controls	public/css/style.css
server/public/js/views/foodOrders.js	552		emptyStateHtml.className	className	empty-state-food-items	empty-state-presentation	component-owner	empty-state-food-items	components/empty-state.md#11-permanente-varianten-und-befristete-ausnahmen	public/css/domains.css
server/public/js/views/foodOrders.js	637	button.icon-btn.food-order-item-action.food-order-item-copy		class	food-order-item-action	markup-class	component-owner	food-action-slots	components/controls.md#zusatzklassen-und-zusammengesetzte-controls	public/css/domains.css
server/public/js/views/foodOrders.js	637	button.icon-btn.food-order-item-action.food-order-item-copy		class	food-order-item-copy	markup-class	component-owner	food-action-slots	components/controls.md#zusatzklassen-und-zusammengesetzte-controls	public/css/domains.css
server/public/js/views/foodOrders.js	637	button.icon-btn.food-order-item-action.food-order-item-copy		class	icon-btn	markup-class	component-owner	icon-button	components/controls.md#tokens-und-einzeilige-controls	public/css/style.css
server/public/js/views/foodOrders.js	671	button.btn.btn-sm		class	btn	markup-class	component-owner	button	components/controls.md#tokens-und-einzeilige-controls	public/css/style.css
server/public/js/views/foodOrders.js	671	button.btn.btn-sm		class	btn-sm	modifier	component-owner	button-small	components/controls.md#tokens-und-einzeilige-controls	public/css/style.css
server/public/js/views/foodOrders.js	675	a.btn.btn-sm		class	btn	markup-class	component-owner	button	components/controls.md#tokens-und-einzeilige-controls	public/css/style.css
server/public/js/views/foodOrders.js	675	a.btn.btn-sm		class	btn-sm	modifier	component-owner	button-small	components/controls.md#tokens-und-einzeilige-controls	public/css/style.css
server/public/js/views/foodOrders.js	680	a.btn.btn-sm		class	btn	markup-class	component-owner	button	components/controls.md#tokens-und-einzeilige-controls	public/css/style.css
server/public/js/views/foodOrders.js	680	a.btn.btn-sm		class	btn-sm	modifier	component-owner	button-small	components/controls.md#tokens-und-einzeilige-controls	public/css/style.css
server/public/js/views/foodOrders.js	690	button.btn.btn-sm		class	btn	markup-class	component-owner	button	components/controls.md#tokens-und-einzeilige-controls	public/css/style.css
server/public/js/views/foodOrders.js	690	button.btn.btn-sm		class	btn-sm	modifier	component-owner	button-small	components/controls.md#tokens-und-einzeilige-controls	public/css/style.css
server/public/js/views/foodOrders.js	703	button.btn.btn-sm		class	btn	markup-class	component-owner	button	components/controls.md#tokens-und-einzeilige-controls	public/css/style.css
server/public/js/views/foodOrders.js	703	button.btn.btn-sm		class	btn-sm	modifier	component-owner	button-small	components/controls.md#tokens-und-einzeilige-controls	public/css/style.css
server/public/js/views/foodOrders.js	726	button.search-select-option		class	search-select-option	markup-class	component-owner	search-options	components/controls.md#strukturziele-mit-44-px	public/css/style.css
server/public/js/views/foodOrders.js	735	input.food-order-desc-field		class	food-order-desc-field	markup-class	component-owner	food-fields	components/controls.md#tokens-und-einzeilige-controls	public/css/domains.css
server/public/js/views/foodOrders.js	743	button.search-select-toggle		class	search-select-toggle	markup-class	component-owner	search-select	components/controls.md#tokens-und-einzeilige-controls	public/css/style.css
server/public/js/views/foodOrders.js	923	input.food-order-quantity-input		class	food-order-quantity-input	markup-class	component-owner	food-fields	components/controls.md#tokens-und-einzeilige-controls	public/css/domains.css
server/public/js/views/foodOrders.js	926	input.food-order-price-input		class	food-order-price-input	markup-class	component-owner	food-fields	components/controls.md#tokens-und-einzeilige-controls	public/css/domains.css
server/public/js/views/foodOrders.js	929	button.btn.food-order-add-button		class	btn	markup-class	component-owner	button	components/controls.md#tokens-und-einzeilige-controls	public/css/style.css
server/public/js/views/foodOrders.js	929	button.btn.food-order-add-button		class	food-order-add-button	markup-class	component-owner	food-fields	components/controls.md#tokens-und-einzeilige-controls	public/css/domains.css
server/public/js/views/foodOrders.js	936	button.btn.btn-primary.btn-sm.btn-block		class	btn	markup-class	component-owner	button	components/controls.md#tokens-und-einzeilige-controls	public/css/style.css
server/public/js/views/foodOrders.js	936	button.btn.btn-primary.btn-sm.btn-block		class	btn-block	modifier	component-owner	button-width	components/controls.md#tokens-und-einzeilige-controls	public/css/style.css
server/public/js/views/foodOrders.js	936	button.btn.btn-primary.btn-sm.btn-block		class	btn-primary	modifier	component-owner	button-meaning	components/controls.md#tokens-und-einzeilige-controls	public/css/style.css
server/public/js/views/foodOrders.js	936	button.btn.btn-primary.btn-sm.btn-block		class	btn-sm	modifier	component-owner	button-small	components/controls.md#tokens-und-einzeilige-controls	public/css/style.css
server/public/js/views/foodOrders.js	937	button.btn.btn-danger.btn-sm.btn-block		class	btn	markup-class	component-owner	button	components/controls.md#tokens-und-einzeilige-controls	public/css/style.css
server/public/js/views/foodOrders.js	937	button.btn.btn-danger.btn-sm.btn-block		class	btn-block	modifier	component-owner	button-width	components/controls.md#tokens-und-einzeilige-controls	public/css/style.css
server/public/js/views/foodOrders.js	937	button.btn.btn-danger.btn-sm.btn-block		class	btn-danger	modifier	component-owner	button-meaning	components/controls.md#tokens-und-einzeilige-controls	public/css/style.css
server/public/js/views/foodOrders.js	937	button.btn.btn-danger.btn-sm.btn-block		class	btn-sm	modifier	component-owner	button-small	components/controls.md#tokens-und-einzeilige-controls	public/css/style.css
server/public/js/views/foodOrders.js	947	button.food-order-card-header-toggle		class	food-order-card-header-toggle	markup-class	component-owner	food-disclosure	components/controls.md#zusatzklassen-und-zusammengesetzte-controls	public/css/domains.css
server/public/js/views/foodOrders.js	987	button.btn.btn-sm.btn-block		class	btn	markup-class	component-owner	button	components/controls.md#tokens-und-einzeilige-controls	public/css/style.css
server/public/js/views/foodOrders.js	987	button.btn.btn-sm.btn-block		class	btn-block	modifier	component-owner	button-width	components/controls.md#tokens-und-einzeilige-controls	public/css/style.css
server/public/js/views/foodOrders.js	987	button.btn.btn-sm.btn-block		class	btn-sm	modifier	component-owner	button-small	components/controls.md#tokens-und-einzeilige-controls	public/css/style.css
server/public/js/views/foodOrders.js	988	button.btn.btn-danger.btn-sm.btn-block		class	btn	markup-class	component-owner	button	components/controls.md#tokens-und-einzeilige-controls	public/css/style.css
server/public/js/views/foodOrders.js	988	button.btn.btn-danger.btn-sm.btn-block		class	btn-block	modifier	component-owner	button-width	components/controls.md#tokens-und-einzeilige-controls	public/css/style.css
server/public/js/views/foodOrders.js	988	button.btn.btn-danger.btn-sm.btn-block		class	btn-danger	modifier	component-owner	button-meaning	components/controls.md#tokens-und-einzeilige-controls	public/css/style.css
server/public/js/views/foodOrders.js	988	button.btn.btn-danger.btn-sm.btn-block		class	btn-sm	modifier	component-owner	button-small	components/controls.md#tokens-und-einzeilige-controls	public/css/style.css
server/public/js/views/foodOrders.js	989	button.btn.btn-danger.btn-sm.btn-block		class	btn	markup-class	component-owner	button	components/controls.md#tokens-und-einzeilige-controls	public/css/style.css
server/public/js/views/foodOrders.js	989	button.btn.btn-danger.btn-sm.btn-block		class	btn-block	modifier	component-owner	button-width	components/controls.md#tokens-und-einzeilige-controls	public/css/style.css
server/public/js/views/foodOrders.js	989	button.btn.btn-danger.btn-sm.btn-block		class	btn-danger	modifier	component-owner	button-meaning	components/controls.md#tokens-und-einzeilige-controls	public/css/style.css
server/public/js/views/foodOrders.js	989	button.btn.btn-danger.btn-sm.btn-block		class	btn-sm	modifier	component-owner	button-small	components/controls.md#tokens-und-einzeilige-controls	public/css/style.css
server/public/js/views/foodOrders.js	999	button.food-order-card-header-toggle		class	food-order-card-header-toggle	markup-class	component-owner	food-disclosure	components/controls.md#zusatzklassen-und-zusammengesetzte-controls	public/css/domains.css
server/public/js/views/foodOrders.js	1051	button.btn.btn-sm		class	btn	markup-class	component-owner	button	components/controls.md#tokens-und-einzeilige-controls	public/css/style.css
server/public/js/views/foodOrders.js	1051	button.btn.btn-sm		class	btn-sm	modifier	component-owner	button-small	components/controls.md#tokens-und-einzeilige-controls	public/css/style.css
server/public/js/views/foodOrders.js	1057	button.btn.btn-sm.btn-equal		class	btn	markup-class	component-owner	button	components/controls.md#tokens-und-einzeilige-controls	public/css/style.css
server/public/js/views/foodOrders.js	1057	button.btn.btn-sm.btn-equal		class	btn-equal	modifier	component-owner	button-width	components/controls.md#tokens-und-einzeilige-controls	public/css/style.css
server/public/js/views/foodOrders.js	1057	button.btn.btn-sm.btn-equal		class	btn-sm	modifier	component-owner	button-small	components/controls.md#tokens-und-einzeilige-controls	public/css/style.css
server/public/js/views/foodOrders.js	1058	button.btn.btn-sm.btn-equal		class	btn	markup-class	component-owner	button	components/controls.md#tokens-und-einzeilige-controls	public/css/style.css
server/public/js/views/foodOrders.js	1058			class	btn-danger	literal-modifier	component-owner	button-meaning	components/controls.md#tokens-und-einzeilige-controls	public/css/style.css
server/public/js/views/foodOrders.js	1058	button.btn.btn-sm.btn-equal		class	btn-equal	modifier	component-owner	button-width	components/controls.md#tokens-und-einzeilige-controls	public/css/style.css
server/public/js/views/foodOrders.js	1058			class	btn-primary	literal-modifier	component-owner	button-meaning	components/controls.md#tokens-und-einzeilige-controls	public/css/style.css
server/public/js/views/foodOrders.js	1058	button.btn.btn-sm.btn-equal		class	btn-sm	modifier	component-owner	button-small	components/controls.md#tokens-und-einzeilige-controls	public/css/style.css
server/public/js/views/foodOrders.js	1345	button.btn.btn-primary.btn-sm		class	btn	markup-class	component-owner	button	components/controls.md#tokens-und-einzeilige-controls	public/css/style.css
server/public/js/views/foodOrders.js	1345	button.btn.btn-primary.btn-sm		class	btn-primary	modifier	component-owner	button-meaning	components/controls.md#tokens-und-einzeilige-controls	public/css/style.css
server/public/js/views/foodOrders.js	1345	button.btn.btn-primary.btn-sm		class	btn-sm	modifier	component-owner	button-small	components/controls.md#tokens-und-einzeilige-controls	public/css/style.css
server/public/js/views/foodOrders.js	1438	button.btn.btn-primary.btn-block		class	btn	markup-class	component-owner	button	components/controls.md#tokens-und-einzeilige-controls	public/css/style.css
server/public/js/views/foodOrders.js	1438	button.btn.btn-primary.btn-block		class	btn-block	modifier	component-owner	button-width	components/controls.md#tokens-und-einzeilige-controls	public/css/style.css
server/public/js/views/foodOrders.js	1438	button.btn.btn-primary.btn-block		class	btn-primary	modifier	component-owner	button-meaning	components/controls.md#tokens-und-einzeilige-controls	public/css/style.css
server/public/js/views/foodOrders.js	1527	button.btn.btn-primary.btn-block		class	btn	markup-class	component-owner	button	components/controls.md#tokens-und-einzeilige-controls	public/css/style.css
server/public/js/views/foodOrders.js	1527	button.btn.btn-primary.btn-block		class	btn-block	modifier	component-owner	button-width	components/controls.md#tokens-und-einzeilige-controls	public/css/style.css
server/public/js/views/foodOrders.js	1527	button.btn.btn-primary.btn-block		class	btn-primary	modifier	component-owner	button-meaning	components/controls.md#tokens-und-einzeilige-controls	public/css/style.css
server/public/js/views/foodOrders.js	1643	button.btn.btn-primary.btn-sm		class	btn	markup-class	component-owner	button	components/controls.md#tokens-und-einzeilige-controls	public/css/style.css
server/public/js/views/foodOrders.js	1643	button.btn.btn-primary.btn-sm		class	btn-primary	modifier	component-owner	button-meaning	components/controls.md#tokens-und-einzeilige-controls	public/css/style.css
server/public/js/views/foodOrders.js	1643	button.btn.btn-primary.btn-sm		class	btn-sm	modifier	component-owner	button-small	components/controls.md#tokens-und-einzeilige-controls	public/css/style.css
server/public/js/views/foodOrders.js	1650	summary.collapsible-section-header		class	collapsible-section-header	markup-class	component-owner	structural-disclosure	components/controls.md#strukturziele-mit-44-px	public/css/style.css
server/public/js/views/gameCatalog.js	189	button.btn		class	btn	markup-class	component-owner	button	components/controls.md#tokens-und-einzeilige-controls	public/css/style.css
server/public/js/views/gameCatalog.js	189			class	btn-primary	literal-modifier	component-owner	button-meaning	components/controls.md#tokens-und-einzeilige-controls	public/css/style.css
server/public/js/views/gameCatalog.js	220	button.skill-suggestion-chip		class	skill-suggestion-chip	markup-class	component-owner	rating-suggestion	components/controls.md#zusatzklassen-und-zusammengesetzte-controls	public/css/style.css
server/public/js/views/gameCatalog.js	247	input.skill-row-slider		class	skill-row-slider	markup-class	component-owner	rating-slider	components/controls.md#zusatzklassen-und-zusammengesetzte-controls	public/css/domains.css
server/public/js/views/gameCatalog.js	294	button.game-icon-btn		class	game-icon-btn	markup-class	component-owner	row-icons	components/controls.md#tokens-und-einzeilige-controls	public/css/style.css
server/public/js/views/gameCatalog.js	372			class	btn-primary	literal-modifier	component-owner	button-meaning	components/controls.md#tokens-und-einzeilige-controls	public/css/style.css
server/public/js/views/gameCatalog.js	387	button.btn.btn-primary.btn-block		class	btn	markup-class	component-owner	button	components/controls.md#tokens-und-einzeilige-controls	public/css/style.css
server/public/js/views/gameCatalog.js	387	button.btn.btn-primary.btn-block		class	btn-block	modifier	component-owner	button-width	components/controls.md#tokens-und-einzeilige-controls	public/css/style.css
server/public/js/views/gameCatalog.js	387	button.btn.btn-primary.btn-block		class	btn-primary	modifier	component-owner	button-meaning	components/controls.md#tokens-und-einzeilige-controls	public/css/style.css
server/public/js/views/gameCatalog.js	441	button.icon-btn		class	icon-btn	markup-class	component-owner	icon-button	components/controls.md#tokens-und-einzeilige-controls	public/css/style.css
server/public/js/views/gameCatalog.js	504	button.btn.btn-sm		class	btn	markup-class	component-owner	button	components/controls.md#tokens-und-einzeilige-controls	public/css/style.css
server/public/js/views/gameCatalog.js	504	button.btn.btn-sm		class	btn-sm	modifier	component-owner	button-small	components/controls.md#tokens-und-einzeilige-controls	public/css/style.css
server/public/js/views/gameCatalog.js	509	button.btn		class	btn	markup-class	component-owner	button	components/controls.md#tokens-und-einzeilige-controls	public/css/style.css
server/public/js/views/gameCatalog.js	512	button.btn.btn-primary.btn-block		class	btn	markup-class	component-owner	button	components/controls.md#tokens-und-einzeilige-controls	public/css/style.css
server/public/js/views/gameCatalog.js	512	button.btn.btn-primary.btn-block		class	btn-block	modifier	component-owner	button-width	components/controls.md#tokens-und-einzeilige-controls	public/css/style.css
server/public/js/views/gameCatalog.js	512	button.btn.btn-primary.btn-block		class	btn-primary	modifier	component-owner	button-meaning	components/controls.md#tokens-und-einzeilige-controls	public/css/style.css
server/public/js/views/gameCatalog.js	515	button.btn.btn-primary.btn-block		class	btn	markup-class	component-owner	button	components/controls.md#tokens-und-einzeilige-controls	public/css/style.css
server/public/js/views/gameCatalog.js	515	button.btn.btn-primary.btn-block		class	btn-block	modifier	component-owner	button-width	components/controls.md#tokens-und-einzeilige-controls	public/css/style.css
server/public/js/views/gameCatalog.js	515			class	btn-primary	literal-modifier	component-owner	button-meaning	components/controls.md#tokens-und-einzeilige-controls	public/css/style.css
server/public/js/views/gameCatalog.js	515	button.btn.btn-primary.btn-block		class	btn-primary	modifier	component-owner	button-meaning	components/controls.md#tokens-und-einzeilige-controls	public/css/style.css
server/public/js/views/gameCatalog.js	516	button.btn.btn-block		class	btn	markup-class	component-owner	button	components/controls.md#tokens-und-einzeilige-controls	public/css/style.css
server/public/js/views/gameCatalog.js	516	button.btn.btn-block		class	btn-block	modifier	component-owner	button-width	components/controls.md#tokens-und-einzeilige-controls	public/css/style.css
server/public/js/views/gameCatalog.js	518	button.btn.btn-danger.btn-block		class	btn	markup-class	component-owner	button	components/controls.md#tokens-und-einzeilige-controls	public/css/style.css
server/public/js/views/gameCatalog.js	518	button.btn.btn-danger.btn-block		class	btn-block	modifier	component-owner	button-width	components/controls.md#tokens-und-einzeilige-controls	public/css/style.css
server/public/js/views/gameCatalog.js	518	button.btn.btn-danger.btn-block		class	btn-danger	modifier	component-owner	button-meaning	components/controls.md#tokens-und-einzeilige-controls	public/css/style.css
server/public/js/views/gameCatalog.js	741	button.btn.btn-primary.btn-sm		class	btn	markup-class	component-owner	button	components/controls.md#tokens-und-einzeilige-controls	public/css/style.css
server/public/js/views/gameCatalog.js	741	button.btn.btn-primary.btn-sm		class	btn-primary	modifier	component-owner	button-meaning	components/controls.md#tokens-und-einzeilige-controls	public/css/style.css
server/public/js/views/gameCatalog.js	741	button.btn.btn-primary.btn-sm		class	btn-sm	modifier	component-owner	button-small	components/controls.md#tokens-und-einzeilige-controls	public/css/style.css
server/public/js/views/gameCatalog.js	754	button.btn.btn-sm		class	btn	markup-class	component-owner	button	components/controls.md#tokens-und-einzeilige-controls	public/css/style.css
server/public/js/views/gameCatalog.js	754			class	btn-primary	literal-modifier	component-owner	button-meaning	components/controls.md#tokens-und-einzeilige-controls	public/css/style.css
server/public/js/views/gameCatalog.js	754	button.btn.btn-sm		class	btn-sm	modifier	component-owner	button-small	components/controls.md#tokens-und-einzeilige-controls	public/css/style.css
server/public/js/views/gameCatalog.js	755	button.btn.btn-sm		class	btn	markup-class	component-owner	button	components/controls.md#tokens-und-einzeilige-controls	public/css/style.css
server/public/js/views/gameCatalog.js	755			class	btn-primary	literal-modifier	component-owner	button-meaning	components/controls.md#tokens-und-einzeilige-controls	public/css/style.css
server/public/js/views/gameCatalog.js	755	button.btn.btn-sm		class	btn-sm	modifier	component-owner	button-small	components/controls.md#tokens-und-einzeilige-controls	public/css/style.css
server/public/js/views/gameCatalog.js	756	button.btn.btn-sm		class	btn	markup-class	component-owner	button	components/controls.md#tokens-und-einzeilige-controls	public/css/style.css
server/public/js/views/gameCatalog.js	756			class	btn-primary	literal-modifier	component-owner	button-meaning	components/controls.md#tokens-und-einzeilige-controls	public/css/style.css
server/public/js/views/gameCatalog.js	756	button.btn.btn-sm		class	btn-sm	modifier	component-owner	button-small	components/controls.md#tokens-und-einzeilige-controls	public/css/style.css
server/public/js/views/hallOfFame.js	49		emptyStateHtml.className	className	empty-state-compact	empty-state-presentation	component-owner	empty-state-compact	components/empty-state.md#11-permanente-varianten-und-befristete-ausnahmen	public/css/style.css
server/public/js/views/hallOfFame.js	97		emptyStateHtml.className	className	hall-of-fame-empty-result	empty-state-presentation	component-owner	empty-state-hall-of-fame	components/empty-state.md#11-permanente-varianten-und-befristete-ausnahmen	public/css/domains.css
server/public/js/views/home.js	73		emptyStateHtml.className	className	empty-state-compact	empty-state-presentation	component-owner	empty-state-compact	components/empty-state.md#11-permanente-varianten-und-befristete-ausnahmen	public/css/style.css
server/public/js/views/home.js	95	button.home-current-navigate		class	home-current-navigate	markup-class	component-owner	structural-cards	components/controls.md#strukturziele-mit-44-px	public/css/style.css
server/public/js/views/home.js	103	button.icon-btn.home-current-dismiss		class	home-current-dismiss	markup-class	component-owner	row-icons	components/controls.md#tokens-und-einzeilige-controls	public/css/style.css
server/public/js/views/home.js	103	button.icon-btn.home-current-dismiss		class	icon-btn	markup-class	component-owner	icon-button	components/controls.md#tokens-und-einzeilige-controls	public/css/style.css
server/public/js/views/home.js	189	button.card.row.list-row		class	card	markup-class	component-owner	structural-cards	components/controls.md#strukturziele-mit-44-px	public/css/style.css
server/public/js/views/home.js	189	button.card.row.list-row		class	list-row	markup-class	component-owner	structural-cards	components/controls.md#strukturziele-mit-44-px	public/css/style.css
server/public/js/views/home.js	189	button.card.row.list-row		class	row	markup-class	component-owner	row-layout	components/controls.md#zusatzklassen-und-zusammengesetzte-controls	public/css/style.css
server/public/js/views/home.js	204	button.card.row.list-row		class	card	markup-class	component-owner	structural-cards	components/controls.md#strukturziele-mit-44-px	public/css/style.css
server/public/js/views/home.js	204	button.card.row.list-row		class	list-row	markup-class	component-owner	structural-cards	components/controls.md#strukturziele-mit-44-px	public/css/style.css
server/public/js/views/home.js	204	button.card.row.list-row		class	row	markup-class	component-owner	row-layout	components/controls.md#zusatzklassen-und-zusammengesetzte-controls	public/css/style.css
server/public/js/views/home.js	309	button.btn.btn-sm.btn-block		class	btn	markup-class	component-owner	button	components/controls.md#tokens-und-einzeilige-controls	public/css/style.css
server/public/js/views/home.js	309	button.btn.btn-sm.btn-block		class	btn-block	modifier	component-owner	button-width	components/controls.md#tokens-und-einzeilige-controls	public/css/style.css
server/public/js/views/home.js	309	button.btn.btn-sm.btn-block		class	btn-sm	modifier	component-owner	button-small	components/controls.md#tokens-und-einzeilige-controls	public/css/style.css
server/public/js/views/home.js	328	button.btn.btn-primary.btn-sm		class	btn	markup-class	component-owner	button	components/controls.md#tokens-und-einzeilige-controls	public/css/style.css
server/public/js/views/home.js	328	button.btn.btn-primary.btn-sm		class	btn-primary	modifier	component-owner	button-meaning	components/controls.md#tokens-und-einzeilige-controls	public/css/style.css
server/public/js/views/home.js	328	button.btn.btn-primary.btn-sm		class	btn-sm	modifier	component-owner	button-small	components/controls.md#tokens-und-einzeilige-controls	public/css/style.css
server/public/js/views/home.js	394	button.card.player-card		class	card	markup-class	component-owner	structural-cards	components/controls.md#strukturziele-mit-44-px	public/css/style.css
server/public/js/views/home.js	394	button.card.player-card		class	player-card	markup-class	component-owner	player-card	components/controls.md#strukturziele-mit-44-px	public/css/domains.css
server/public/js/views/infoBoard.js	80	button.btn.btn-primary.btn-block		class	btn	markup-class	component-owner	button	components/controls.md#tokens-und-einzeilige-controls	public/css/style.css
server/public/js/views/infoBoard.js	80	button.btn.btn-primary.btn-block		class	btn-block	modifier	component-owner	button-width	components/controls.md#tokens-und-einzeilige-controls	public/css/style.css
server/public/js/views/infoBoard.js	80	button.btn.btn-primary.btn-block		class	btn-primary	modifier	component-owner	button-meaning	components/controls.md#tokens-und-einzeilige-controls	public/css/style.css
server/public/js/views/infoBoard.js	131	button.icon-btn		class	icon-btn	markup-class	component-owner	icon-button	components/controls.md#tokens-und-einzeilige-controls	public/css/style.css
server/public/js/views/infoBoard.js	132	button.icon-btn		class	icon-btn	markup-class	component-owner	icon-button	components/controls.md#tokens-und-einzeilige-controls	public/css/style.css
server/public/js/views/infoBoard.js	133	button.icon-btn		class	icon-btn	markup-class	component-owner	icon-button	components/controls.md#tokens-und-einzeilige-controls	public/css/style.css
server/public/js/views/infoBoard.js	145	button.btn.btn-primary.btn-sm.btn-block		class	btn	markup-class	component-owner	button	components/controls.md#tokens-und-einzeilige-controls	public/css/style.css
server/public/js/views/infoBoard.js	145	button.btn.btn-primary.btn-sm.btn-block		class	btn-block	modifier	component-owner	button-width	components/controls.md#tokens-und-einzeilige-controls	public/css/style.css
server/public/js/views/infoBoard.js	145	button.btn.btn-primary.btn-sm.btn-block		class	btn-primary	modifier	component-owner	button-meaning	components/controls.md#tokens-und-einzeilige-controls	public/css/style.css
server/public/js/views/infoBoard.js	145	button.btn.btn-primary.btn-sm.btn-block		class	btn-sm	modifier	component-owner	button-small	components/controls.md#tokens-und-einzeilige-controls	public/css/style.css
server/public/js/views/leaderboard.js	98	button.btn.btn-primary.btn-sm		class	btn	markup-class	component-owner	button	components/controls.md#tokens-und-einzeilige-controls	public/css/style.css
server/public/js/views/leaderboard.js	98	button.btn.btn-primary.btn-sm		class	btn-primary	modifier	component-owner	button-meaning	components/controls.md#tokens-und-einzeilige-controls	public/css/style.css
server/public/js/views/leaderboard.js	98	button.btn.btn-primary.btn-sm		class	btn-sm	modifier	component-owner	button-small	components/controls.md#tokens-und-einzeilige-controls	public/css/style.css
server/public/js/views/leaderboard.js	250	button.btn.btn-primary.btn-block		class	btn	markup-class	component-owner	button	components/controls.md#tokens-und-einzeilige-controls	public/css/style.css
server/public/js/views/leaderboard.js	250	button.btn.btn-primary.btn-block		class	btn-block	modifier	component-owner	button-width	components/controls.md#tokens-und-einzeilige-controls	public/css/style.css
server/public/js/views/leaderboard.js	250	button.btn.btn-primary.btn-block		class	btn-primary	modifier	component-owner	button-meaning	components/controls.md#tokens-und-einzeilige-controls	public/css/style.css
server/public/js/views/matchmaking.js	166	button.team-player		class	team-player	markup-class	component-owner	player-card	components/controls.md#strukturziele-mit-44-px	public/css/domains.css
server/public/js/views/matchmaking.js	200	button.btn.btn-primary.btn-sm		class	btn	markup-class	component-owner	button	components/controls.md#tokens-und-einzeilige-controls	public/css/style.css
server/public/js/views/matchmaking.js	200	button.btn.btn-primary.btn-sm		class	btn-primary	modifier	component-owner	button-meaning	components/controls.md#tokens-und-einzeilige-controls	public/css/style.css
server/public/js/views/matchmaking.js	200	button.btn.btn-primary.btn-sm		class	btn-sm	modifier	component-owner	button-small	components/controls.md#tokens-und-einzeilige-controls	public/css/style.css
server/public/js/views/matchmaking.js	204	button.btn.btn-sm		class	btn	markup-class	component-owner	button	components/controls.md#tokens-und-einzeilige-controls	public/css/style.css
server/public/js/views/matchmaking.js	204	button.btn.btn-sm		class	btn-sm	modifier	component-owner	button-small	components/controls.md#tokens-und-einzeilige-controls	public/css/style.css
server/public/js/views/matchmaking.js	205	button.btn.btn-primary.btn-sm		class	btn	markup-class	component-owner	button	components/controls.md#tokens-und-einzeilige-controls	public/css/style.css
server/public/js/views/matchmaking.js	205	button.btn.btn-primary.btn-sm		class	btn-primary	modifier	component-owner	button-meaning	components/controls.md#tokens-und-einzeilige-controls	public/css/style.css
server/public/js/views/matchmaking.js	205	button.btn.btn-primary.btn-sm		class	btn-sm	modifier	component-owner	button-small	components/controls.md#tokens-und-einzeilige-controls	public/css/style.css
server/public/js/views/matchmaking.js	244	button.btn.btn-primary.btn-block		class	btn	markup-class	component-owner	button	components/controls.md#tokens-und-einzeilige-controls	public/css/style.css
server/public/js/views/matchmaking.js	244	button.btn.btn-primary.btn-block		class	btn-block	modifier	component-owner	button-width	components/controls.md#tokens-und-einzeilige-controls	public/css/style.css
server/public/js/views/matchmaking.js	244	button.btn.btn-primary.btn-block		class	btn-primary	modifier	component-owner	button-meaning	components/controls.md#tokens-und-einzeilige-controls	public/css/style.css
server/public/js/views/matchmaking.js	429	summary.collapsible-section-header		class	collapsible-section-header	markup-class	component-owner	structural-disclosure	components/controls.md#strukturziele-mit-44-px	public/css/style.css
server/public/js/views/matchmaking.js	445		emptyStateHtml.className	className	empty-state-compact	empty-state-presentation	component-owner	empty-state-compact	components/empty-state.md#11-permanente-varianten-und-befristete-ausnahmen	public/css/style.css
server/public/js/views/matchmaking.js	452		emptyStateHtml.className	className	empty-state-compact	empty-state-presentation	component-owner	empty-state-compact	components/empty-state.md#11-permanente-varianten-und-befristete-ausnahmen	public/css/style.css
server/public/js/views/matchmaking.js	493	button.check-row.draft-pool-player		class	check-row	markup-class	component-owner	player-card	components/controls.md#strukturziele-mit-44-px	public/css/domains.css
server/public/js/views/matchmaking.js	493	button.check-row.draft-pool-player		class	draft-pool-player	markup-class	component-owner	player-selection-actions	components/controls.md#strukturziele-mit-44-px	public/css/style.css
server/public/js/views/matchmaking.js	510	button.btn.btn-danger.btn-sm		class	btn	markup-class	component-owner	button	components/controls.md#tokens-und-einzeilige-controls	public/css/style.css
server/public/js/views/matchmaking.js	510	button.btn.btn-danger.btn-sm		class	btn-danger	modifier	component-owner	button-meaning	components/controls.md#tokens-und-einzeilige-controls	public/css/style.css
server/public/js/views/matchmaking.js	510	button.btn.btn-danger.btn-sm		class	btn-sm	modifier	component-owner	button-small	components/controls.md#tokens-und-einzeilige-controls	public/css/style.css
server/public/js/views/matchmaking.js	625	button.btn		class	btn	markup-class	component-owner	button	components/controls.md#tokens-und-einzeilige-controls	public/css/style.css
server/public/js/views/matchmaking.js	625			class	btn-primary	literal-modifier	component-owner	button-meaning	components/controls.md#tokens-und-einzeilige-controls	public/css/style.css
server/public/js/views/matchmaking.js	626	button.btn		class	btn	markup-class	component-owner	button	components/controls.md#tokens-und-einzeilige-controls	public/css/style.css
server/public/js/views/matchmaking.js	626			class	btn-primary	literal-modifier	component-owner	button-meaning	components/controls.md#tokens-und-einzeilige-controls	public/css/style.css
server/public/js/views/matchmaking.js	671	button.btn.btn-primary		class	btn	markup-class	component-owner	button	components/controls.md#tokens-und-einzeilige-controls	public/css/style.css
server/public/js/views/matchmaking.js	671	button.btn.btn-primary		class	btn-primary	modifier	component-owner	button-meaning	components/controls.md#tokens-und-einzeilige-controls	public/css/style.css
server/public/js/views/matchmaking.js	726	button.btn.btn-primary		class	btn	markup-class	component-owner	button	components/controls.md#tokens-und-einzeilige-controls	public/css/style.css
server/public/js/views/matchmaking.js	726	button.btn.btn-primary		class	btn-primary	modifier	component-owner	button-meaning	components/controls.md#tokens-und-einzeilige-controls	public/css/style.css
server/public/js/views/more.js	34	button.card.row.list-row.more-card		class	card	markup-class	component-owner	structural-cards	components/controls.md#strukturziele-mit-44-px	public/css/style.css
server/public/js/views/more.js	34	button.card.row.list-row.more-card		class	list-row	markup-class	component-owner	structural-cards	components/controls.md#strukturziele-mit-44-px	public/css/style.css
server/public/js/views/more.js	34	button.card.row.list-row.more-card		class	more-card	markup-class	component-owner	structural-cards	components/controls.md#strukturziele-mit-44-px	public/css/style.css
server/public/js/views/more.js	34	button.card.row.list-row.more-card		class	row	markup-class	component-owner	row-layout	components/controls.md#zusatzklassen-und-zusammengesetzte-controls	public/css/style.css
server/public/js/views/music.js	145	button.icon-btn.music-pairing-copy		class	icon-btn	markup-class	component-owner	icon-button	components/controls.md#tokens-und-einzeilige-controls	public/css/style.css
server/public/js/views/music.js	145	button.icon-btn.music-pairing-copy		class	music-pairing-copy	markup-class	component-owner	music-controls	components/controls.md#tokens-und-einzeilige-controls	public/css/overlays.css
server/public/js/views/music.js	150	button.btn.btn-primary		class	btn	markup-class	component-owner	button	components/controls.md#tokens-und-einzeilige-controls	public/css/style.css
server/public/js/views/music.js	150	button.btn.btn-primary		class	btn-primary	modifier	component-owner	button-meaning	components/controls.md#tokens-und-einzeilige-controls	public/css/style.css
server/public/js/views/music.js	151	button.btn		class	btn	markup-class	component-owner	button	components/controls.md#tokens-und-einzeilige-controls	public/css/style.css
server/public/js/views/music.js	152	button.btn.btn-primary		class	btn	markup-class	component-owner	button	components/controls.md#tokens-und-einzeilige-controls	public/css/style.css
server/public/js/views/music.js	152	button.btn.btn-primary		class	btn-primary	modifier	component-owner	button-meaning	components/controls.md#tokens-und-einzeilige-controls	public/css/style.css
server/public/js/views/music.js	153	button.btn		class	btn	markup-class	component-owner	button	components/controls.md#tokens-und-einzeilige-controls	public/css/style.css
server/public/js/views/music.js	172	a.btn.btn-primary		class	btn	markup-class	component-owner	button	components/controls.md#tokens-und-einzeilige-controls	public/css/style.css
server/public/js/views/music.js	172	a.btn.btn-primary		class	btn-primary	modifier	component-owner	button-meaning	components/controls.md#tokens-und-einzeilige-controls	public/css/style.css
server/public/js/views/music.js	190	button.btn.btn-primary.btn-block		class	btn	markup-class	component-owner	button	components/controls.md#tokens-und-einzeilige-controls	public/css/style.css
server/public/js/views/music.js	190	button.btn.btn-primary.btn-block		class	btn-block	modifier	component-owner	button-width	components/controls.md#tokens-und-einzeilige-controls	public/css/style.css
server/public/js/views/music.js	190	button.btn.btn-primary.btn-block		class	btn-primary	modifier	component-owner	button-meaning	components/controls.md#tokens-und-einzeilige-controls	public/css/style.css
server/public/js/views/music.js	199	summary.collapsible-section-header		class	collapsible-section-header	markup-class	component-owner	structural-disclosure	components/controls.md#strukturziele-mit-44-px	public/css/style.css
server/public/js/views/music.js	206	button.btn.btn-danger		class	btn	markup-class	component-owner	button	components/controls.md#tokens-und-einzeilige-controls	public/css/style.css
server/public/js/views/music.js	206	button.btn.btn-danger		class	btn-danger	modifier	component-owner	button-meaning	components/controls.md#tokens-und-einzeilige-controls	public/css/style.css
server/public/js/views/music.js	223	button.btn.btn-primary		class	btn	markup-class	component-owner	button	components/controls.md#tokens-und-einzeilige-controls	public/css/style.css
server/public/js/views/music.js	223	button.btn.btn-primary		class	btn-primary	modifier	component-owner	button-meaning	components/controls.md#tokens-und-einzeilige-controls	public/css/style.css
server/public/js/views/music.js	231	button.btn.btn-primary.btn-block		class	btn	markup-class	component-owner	button	components/controls.md#tokens-und-einzeilige-controls	public/css/style.css
server/public/js/views/music.js	231	button.btn.btn-primary.btn-block		class	btn-block	modifier	component-owner	button-width	components/controls.md#tokens-und-einzeilige-controls	public/css/style.css
server/public/js/views/music.js	231			class	btn-primary	literal-modifier	component-owner	button-meaning	components/controls.md#tokens-und-einzeilige-controls	public/css/style.css
server/public/js/views/music.js	231	button.btn.btn-primary.btn-block		class	btn-primary	modifier	component-owner	button-meaning	components/controls.md#tokens-und-einzeilige-controls	public/css/style.css
server/public/js/views/music.js	232	a.btn.btn-primary		class	btn	markup-class	component-owner	button	components/controls.md#tokens-und-einzeilige-controls	public/css/style.css
server/public/js/views/music.js	232	a.btn.btn-primary		class	btn-primary	modifier	component-owner	button-meaning	components/controls.md#tokens-und-einzeilige-controls	public/css/style.css
server/public/js/views/music.js	294		emptyStateHtml.className	className	music-no-playback	empty-state-presentation	component-owner	empty-state-music	components/empty-state.md#11-permanente-varianten-und-befristete-ausnahmen	public/css/overlays.css
server/public/js/views/music.js	299	button.btn		class	btn	markup-class	component-owner	button	components/controls.md#tokens-und-einzeilige-controls	public/css/style.css
server/public/js/views/music.js	300	button.btn		class	btn	markup-class	component-owner	button	components/controls.md#tokens-und-einzeilige-controls	public/css/style.css
server/public/js/views/music.js	301	button.btn.btn-danger		class	btn	markup-class	component-owner	button	components/controls.md#tokens-und-einzeilige-controls	public/css/style.css
server/public/js/views/music.js	301	button.btn.btn-danger		class	btn-danger	modifier	component-owner	button-meaning	components/controls.md#tokens-und-einzeilige-controls	public/css/style.css
server/public/js/views/music.js	358	button.icon-btn		class	icon-btn	markup-class	component-owner	icon-button	components/controls.md#tokens-und-einzeilige-controls	public/css/style.css
server/public/js/views/music.js	359	button.icon-btn		class	icon-btn	markup-class	component-owner	icon-button	components/controls.md#tokens-und-einzeilige-controls	public/css/style.css
server/public/js/views/music.js	360	button.icon-btn		class	icon-btn	markup-class	component-owner	icon-button	components/controls.md#tokens-und-einzeilige-controls	public/css/style.css
server/public/js/views/music.js	378	button.btn.btn-primary		class	btn	markup-class	component-owner	button	components/controls.md#tokens-und-einzeilige-controls	public/css/style.css
server/public/js/views/music.js	378	button.btn.btn-primary		class	btn-primary	modifier	component-owner	button-meaning	components/controls.md#tokens-und-einzeilige-controls	public/css/style.css
server/public/js/views/music.js	386	button.btn.btn-primary		class	btn	markup-class	component-owner	button	components/controls.md#tokens-und-einzeilige-controls	public/css/style.css
server/public/js/views/music.js	386	button.btn.btn-primary		class	btn-primary	modifier	component-owner	button-meaning	components/controls.md#tokens-und-einzeilige-controls	public/css/style.css
server/public/js/views/music.js	413	button.btn.btn-sm		class	btn	markup-class	component-owner	button	components/controls.md#tokens-und-einzeilige-controls	public/css/style.css
server/public/js/views/music.js	413	button.btn.btn-sm		class	btn-sm	modifier	component-owner	button-small	components/controls.md#tokens-und-einzeilige-controls	public/css/style.css
server/public/js/views/music.js	422	button.btn.btn-sm		class	btn	markup-class	component-owner	button	components/controls.md#tokens-und-einzeilige-controls	public/css/style.css
server/public/js/views/music.js	422	button.btn.btn-sm		class	btn-sm	modifier	component-owner	button-small	components/controls.md#tokens-und-einzeilige-controls	public/css/style.css
server/public/js/views/music.js	426	button.btn		class	btn	markup-class	component-owner	button	components/controls.md#tokens-und-einzeilige-controls	public/css/style.css
server/public/js/views/music.js	426			class	btn-primary	literal-modifier	component-owner	button-meaning	components/controls.md#tokens-und-einzeilige-controls	public/css/style.css
server/public/js/views/music.js	427	button.btn		class	btn	markup-class	component-owner	button	components/controls.md#tokens-und-einzeilige-controls	public/css/style.css
server/public/js/views/music.js	427			class	btn-primary	literal-modifier	component-owner	button-meaning	components/controls.md#tokens-und-einzeilige-controls	public/css/style.css
server/public/js/views/myStats.js	76		emptyStateHtml.className	className	empty-state-compact	empty-state-presentation	component-owner	empty-state-compact	components/empty-state.md#11-permanente-varianten-und-befristete-ausnahmen	public/css/style.css
server/public/js/views/myStats.js	123		emptyStateHtml.className	className	empty-state-compact	empty-state-presentation	component-owner	empty-state-compact	components/empty-state.md#11-permanente-varianten-und-befristete-ausnahmen	public/css/style.css
server/public/js/views/myStats.js	139		emptyStateHtml.className	className	empty-state-compact	empty-state-presentation	component-owner	empty-state-compact	components/empty-state.md#11-permanente-varianten-und-befristete-ausnahmen	public/css/style.css
server/public/js/views/myStats.js	151		emptyStateHtml.className	className	empty-state-compact	empty-state-presentation	component-owner	empty-state-compact	components/empty-state.md#11-permanente-varianten-und-befristete-ausnahmen	public/css/style.css
server/public/js/views/myStats.js	166		emptyStateHtml.className	className	empty-state-compact	empty-state-presentation	component-owner	empty-state-compact	components/empty-state.md#11-permanente-varianten-und-befristete-ausnahmen	public/css/style.css
server/public/js/views/myStats.js	207		emptyStateHtml.style	style	margin-top:var(--space-4);	empty-state-presentation	component-owner	empty-state	components/empty-state.md#11-permanente-varianten-und-befristete-ausnahmen	public/css/style.css
server/public/js/views/playerDetail.js	46	summary.collapsible-section-header		class	collapsible-section-header	markup-class	component-owner	structural-disclosure	components/controls.md#strukturziele-mit-44-px	public/css/style.css
server/public/js/views/profile.js	110	input.profile-color-picker-value		class	profile-color-picker-value	markup-class	component-owner	profile-controls	components/controls.md#tokens-und-einzeilige-controls	public/css/style.css
server/public/js/views/profile.js	111	button.icon-btn.profile-color-picker-copy		class	icon-btn	markup-class	component-owner	icon-button	components/controls.md#tokens-und-einzeilige-controls	public/css/style.css
server/public/js/views/profile.js	111	button.icon-btn.profile-color-picker-copy		class	profile-color-picker-copy	markup-class	component-owner	profile-controls	components/controls.md#tokens-und-einzeilige-controls	public/css/style.css
server/public/js/views/profile.js	115	button.btn.btn-equal		class	btn	markup-class	component-owner	button	components/controls.md#tokens-und-einzeilige-controls	public/css/style.css
server/public/js/views/profile.js	115	button.btn.btn-equal		class	btn-equal	modifier	component-owner	button-width	components/controls.md#tokens-und-einzeilige-controls	public/css/style.css
server/public/js/views/profile.js	116	button.btn.btn-primary.btn-equal		class	btn	markup-class	component-owner	button	components/controls.md#tokens-und-einzeilige-controls	public/css/style.css
server/public/js/views/profile.js	116	button.btn.btn-primary.btn-equal		class	btn-equal	modifier	component-owner	button-width	components/controls.md#tokens-und-einzeilige-controls	public/css/style.css
server/public/js/views/profile.js	116	button.btn.btn-primary.btn-equal		class	btn-primary	modifier	component-owner	button-meaning	components/controls.md#tokens-und-einzeilige-controls	public/css/style.css
server/public/js/views/profile.js	255		emptyStateHtml.className	className	empty-state-compact	empty-state-presentation	component-owner	empty-state-compact	components/empty-state.md#11-permanente-varianten-und-befristete-ausnahmen	public/css/style.css
server/public/js/views/profile.js	258		emptyStateHtml.className	className	empty-state-compact	empty-state-presentation	component-owner	empty-state-compact	components/empty-state.md#11-permanente-varianten-und-befristete-ausnahmen	public/css/style.css
server/public/js/views/profile.js	339	button.btn.btn-sm		class	btn	markup-class	component-owner	button	components/controls.md#tokens-und-einzeilige-controls	public/css/style.css
server/public/js/views/profile.js	339	button.btn.btn-sm		class	btn-sm	modifier	component-owner	button-small	components/controls.md#tokens-und-einzeilige-controls	public/css/style.css
server/public/js/views/profile.js	363	button.profile-color-trigger		class	profile-color-trigger	markup-class	component-owner	profile-controls	components/controls.md#tokens-und-einzeilige-controls	public/css/style.css
server/public/js/views/profile.js	375	button.btn.btn-primary.btn-block		class	btn	markup-class	component-owner	button	components/controls.md#tokens-und-einzeilige-controls	public/css/style.css
server/public/js/views/profile.js	375	button.btn.btn-primary.btn-block		class	btn-block	modifier	component-owner	button-width	components/controls.md#tokens-und-einzeilige-controls	public/css/style.css
server/public/js/views/profile.js	375	button.btn.btn-primary.btn-block		class	btn-primary	modifier	component-owner	button-meaning	components/controls.md#tokens-und-einzeilige-controls	public/css/style.css
server/public/js/views/profile.js	391	button.btn		class	btn	markup-class	component-owner	button	components/controls.md#tokens-und-einzeilige-controls	public/css/style.css
server/public/js/views/profile.js	391			class	btn-primary	literal-modifier	component-owner	button-meaning	components/controls.md#tokens-und-einzeilige-controls	public/css/style.css
server/public/js/views/profile.js	396	summary.collapsible-section-header		class	collapsible-section-header	markup-class	component-owner	structural-disclosure	components/controls.md#strukturziele-mit-44-px	public/css/style.css
server/public/js/views/profile.js	404	button.icon-btn		class	icon-btn	markup-class	component-owner	icon-button	components/controls.md#tokens-und-einzeilige-controls	public/css/style.css
server/public/js/views/profile.js	411	button.icon-btn		class	icon-btn	markup-class	component-owner	icon-button	components/controls.md#tokens-und-einzeilige-controls	public/css/style.css
server/public/js/views/profile.js	415	button.btn.btn-primary.btn-block		class	btn	markup-class	component-owner	button	components/controls.md#tokens-und-einzeilige-controls	public/css/style.css
server/public/js/views/profile.js	415	button.btn.btn-primary.btn-block		class	btn-block	modifier	component-owner	button-width	components/controls.md#tokens-und-einzeilige-controls	public/css/style.css
server/public/js/views/profile.js	415	button.btn.btn-primary.btn-block		class	btn-primary	modifier	component-owner	button-meaning	components/controls.md#tokens-und-einzeilige-controls	public/css/style.css
server/public/js/views/profile.js	430	button.btn.btn-primary.btn-block		class	btn	markup-class	component-owner	button	components/controls.md#tokens-und-einzeilige-controls	public/css/style.css
server/public/js/views/profile.js	430	button.btn.btn-primary.btn-block		class	btn-block	modifier	component-owner	button-width	components/controls.md#tokens-und-einzeilige-controls	public/css/style.css
server/public/js/views/profile.js	430	button.btn.btn-primary.btn-block		class	btn-primary	modifier	component-owner	button-meaning	components/controls.md#tokens-und-einzeilige-controls	public/css/style.css
server/public/js/views/profile.js	435	summary.collapsible-section-header		class	collapsible-section-header	markup-class	component-owner	structural-disclosure	components/controls.md#strukturziele-mit-44-px	public/css/style.css
server/public/js/views/profile.js	465	button.btn.btn-primary.btn-block		class	btn	markup-class	component-owner	button	components/controls.md#tokens-und-einzeilige-controls	public/css/style.css
server/public/js/views/profile.js	465	button.btn.btn-primary.btn-block		class	btn-block	modifier	component-owner	button-width	components/controls.md#tokens-und-einzeilige-controls	public/css/style.css
server/public/js/views/profile.js	465	button.btn.btn-primary.btn-block		class	btn-primary	modifier	component-owner	button-meaning	components/controls.md#tokens-und-einzeilige-controls	public/css/style.css
server/public/js/views/profile.js	477	button.btn.btn-sm		class	btn	markup-class	component-owner	button	components/controls.md#tokens-und-einzeilige-controls	public/css/style.css
server/public/js/views/profile.js	477	button.btn.btn-sm		class	btn-sm	modifier	component-owner	button-small	components/controls.md#tokens-und-einzeilige-controls	public/css/style.css
server/public/js/views/profile.js	478	button.btn.btn-sm.btn-danger		class	btn	markup-class	component-owner	button	components/controls.md#tokens-und-einzeilige-controls	public/css/style.css
server/public/js/views/profile.js	478	button.btn.btn-sm.btn-danger		class	btn-danger	modifier	component-owner	button-meaning	components/controls.md#tokens-und-einzeilige-controls	public/css/style.css
server/public/js/views/profile.js	478	button.btn.btn-sm.btn-danger		class	btn-sm	modifier	component-owner	button-small	components/controls.md#tokens-und-einzeilige-controls	public/css/style.css
server/public/js/views/profile.js	486	summary.collapsible-section-header		class	collapsible-section-header	markup-class	component-owner	structural-disclosure	components/controls.md#strukturziele-mit-44-px	public/css/style.css
server/public/js/views/profile.js	491	summary.collapsible-section-header		class	collapsible-section-header	markup-class	component-owner	structural-disclosure	components/controls.md#strukturziele-mit-44-px	public/css/style.css
server/public/js/views/profile.js	498	button.btn.btn-sm		class	btn	markup-class	component-owner	button	components/controls.md#tokens-und-einzeilige-controls	public/css/style.css
server/public/js/views/profile.js	498	button.btn.btn-sm		class	btn-sm	modifier	component-owner	button-small	components/controls.md#tokens-und-einzeilige-controls	public/css/style.css
server/public/js/views/profile.js	545			class	btn-primary	literal-modifier	component-owner	button-meaning	components/controls.md#tokens-und-einzeilige-controls	public/css/style.css
server/public/js/views/seating.js	306	button.btn.btn-primary.btn-block		class	btn	markup-class	component-owner	button	components/controls.md#tokens-und-einzeilige-controls	public/css/style.css
server/public/js/views/seating.js	306	button.btn.btn-primary.btn-block		class	btn-block	modifier	component-owner	button-width	components/controls.md#tokens-und-einzeilige-controls	public/css/style.css
server/public/js/views/seating.js	306	button.btn.btn-primary.btn-block		class	btn-primary	modifier	component-owner	button-meaning	components/controls.md#tokens-und-einzeilige-controls	public/css/style.css
server/public/js/views/tournament.js	216	button.card.tournament-list-card		class	card	markup-class	component-owner	structural-cards	components/controls.md#strukturziele-mit-44-px	public/css/style.css
server/public/js/views/tournament.js	216	button.card.tournament-list-card		class	tournament-list-card	markup-class	component-owner	structural-cards	components/controls.md#strukturziele-mit-44-px	public/css/style.css
server/public/js/views/tournament.js	235		emptyStateHtml.className	className	tournament-list-empty	empty-state-presentation	component-owner	empty-state-tournament	components/empty-state.md#11-permanente-varianten-und-befristete-ausnahmen	public/css/style.css
server/public/js/views/tournament.js	238		emptyStateHtml.className	className	tournament-list-empty	empty-state-presentation	component-owner	empty-state-tournament	components/empty-state.md#11-permanente-varianten-und-befristete-ausnahmen	public/css/style.css
server/public/js/views/tournament.js	241	summary.collapsible-section-header		class	collapsible-section-header	markup-class	component-owner	structural-disclosure	components/controls.md#strukturziele-mit-44-px	public/css/style.css
server/public/js/views/tournament.js	255	button.btn.btn-primary.btn-sm		class	btn	markup-class	component-owner	button	components/controls.md#tokens-und-einzeilige-controls	public/css/style.css
server/public/js/views/tournament.js	255			class	btn-primary	literal-modifier	component-owner	button-meaning	components/controls.md#tokens-und-einzeilige-controls	public/css/style.css
server/public/js/views/tournament.js	255	button.btn.btn-primary.btn-sm		class	btn-primary	modifier	component-owner	button-meaning	components/controls.md#tokens-und-einzeilige-controls	public/css/style.css
server/public/js/views/tournament.js	255	button.btn.btn-primary.btn-sm		class	btn-sm	modifier	component-owner	button-small	components/controls.md#tokens-und-einzeilige-controls	public/css/style.css
server/public/js/views/tournament.js	312	button.icon-btn		class	icon-btn	markup-class	component-owner	icon-button	components/controls.md#tokens-und-einzeilige-controls	public/css/style.css
server/public/js/views/tournament.js	315		emptyStateHtml.className	className	empty-state-compact	empty-state-presentation	component-owner	empty-state-compact	components/empty-state.md#11-permanente-varianten-und-befristete-ausnahmen	public/css/style.css
server/public/js/views/tournament.js	362	button.team-player		class	team-player	markup-class	component-owner	player-card	components/controls.md#strukturziele-mit-44-px	public/css/domains.css
server/public/js/views/tournament.js	382	button.icon-btn		class	icon-btn	markup-class	component-owner	icon-button	components/controls.md#tokens-und-einzeilige-controls	public/css/style.css
server/public/js/views/tournament.js	419	button.btn.btn-primary		class	btn	markup-class	component-owner	button	components/controls.md#tokens-und-einzeilige-controls	public/css/style.css
server/public/js/views/tournament.js	419	button.btn.btn-primary		class	btn-primary	modifier	component-owner	button-meaning	components/controls.md#tokens-und-einzeilige-controls	public/css/style.css
server/public/js/views/tournament.js	489	button.btn.btn-primary.btn-block		class	btn	markup-class	component-owner	button	components/controls.md#tokens-und-einzeilige-controls	public/css/style.css
server/public/js/views/tournament.js	489	button.btn.btn-primary.btn-block		class	btn-block	modifier	component-owner	button-width	components/controls.md#tokens-und-einzeilige-controls	public/css/style.css
server/public/js/views/tournament.js	489	button.btn.btn-primary.btn-block		class	btn-primary	modifier	component-owner	button-meaning	components/controls.md#tokens-und-einzeilige-controls	public/css/style.css
server/public/js/views/tournament.js	780	button.btn.btn-sm.btn-danger		class	btn	markup-class	component-owner	button	components/controls.md#tokens-und-einzeilige-controls	public/css/style.css
server/public/js/views/tournament.js	780	button.btn.btn-sm.btn-danger		class	btn-danger	modifier	component-owner	button-meaning	components/controls.md#tokens-und-einzeilige-controls	public/css/style.css
server/public/js/views/tournament.js	780	button.btn.btn-sm.btn-danger		class	btn-sm	modifier	component-owner	button-small	components/controls.md#tokens-und-einzeilige-controls	public/css/style.css
server/public/js/views/votes.js	277		emptyStateHtml.className	className	empty-state-compact	empty-state-presentation	component-owner	empty-state-compact	components/empty-state.md#11-permanente-varianten-und-befristete-ausnahmen	public/css/style.css
server/public/js/views/votes.js	307	button.btn.btn-sm		class	btn	markup-class	component-owner	button	components/controls.md#tokens-und-einzeilige-controls	public/css/style.css
server/public/js/views/votes.js	307			class	btn-primary	literal-modifier	component-owner	button-meaning	components/controls.md#tokens-und-einzeilige-controls	public/css/style.css
server/public/js/views/votes.js	307	button.btn.btn-sm		class	btn-sm	modifier	component-owner	button-small	components/controls.md#tokens-und-einzeilige-controls	public/css/style.css
server/public/js/views/votes.js	314	input.skill-row-slider		class	skill-row-slider	markup-class	component-owner	rating-slider	components/controls.md#zusatzklassen-und-zusammengesetzte-controls	public/css/domains.css
server/public/js/views/votes.js	385		emptyStateHtml.className	className	empty-state-compact	empty-state-presentation	component-owner	empty-state-compact	components/empty-state.md#11-permanente-varianten-und-befristete-ausnahmen	public/css/style.css
server/public/js/views/votes.js	385		emptyStateHtml.className	className	vote-empty-state	empty-state-presentation	component-owner	empty-state-vote	components/empty-state.md#11-permanente-varianten-und-befristete-ausnahmen	public/css/domains.css
server/public/js/views/votes.js	389		emptyStateHtml.className	className	empty-state-compact	empty-state-presentation	component-owner	empty-state-compact	components/empty-state.md#11-permanente-varianten-und-befristete-ausnahmen	public/css/style.css
server/public/js/views/votes.js	389		emptyStateHtml.className	className	vote-empty-state	empty-state-presentation	component-owner	empty-state-vote	components/empty-state.md#11-permanente-varianten-und-befristete-ausnahmen	public/css/domains.css
server/public/js/views/votes.js	394		emptyStateHtml.className	className	empty-state-compact	empty-state-presentation	component-owner	empty-state-compact	components/empty-state.md#11-permanente-varianten-und-befristete-ausnahmen	public/css/style.css
server/public/js/views/votes.js	394		emptyStateHtml.className	className	vote-empty-state	empty-state-presentation	component-owner	empty-state-vote	components/empty-state.md#11-permanente-varianten-und-befristete-ausnahmen	public/css/domains.css
server/public/js/views/votes.js	406			class	btn-primary	literal-modifier	component-owner	button-meaning	components/controls.md#tokens-und-einzeilige-controls	public/css/style.css
server/public/js/views/votes.js	407	button.btn.btn-primary.btn-block		class	btn	markup-class	component-owner	button	components/controls.md#tokens-und-einzeilige-controls	public/css/style.css
server/public/js/views/votes.js	407	button.btn.btn-primary.btn-block		class	btn-block	modifier	component-owner	button-width	components/controls.md#tokens-und-einzeilige-controls	public/css/style.css
server/public/js/views/votes.js	407	button.btn.btn-primary.btn-block		class	btn-primary	modifier	component-owner	button-meaning	components/controls.md#tokens-und-einzeilige-controls	public/css/style.css
server/public/js/views/votes.js	417		emptyStateHtml.className	className	empty-state-compact	empty-state-presentation	component-owner	empty-state-compact	components/empty-state.md#11-permanente-varianten-und-befristete-ausnahmen	public/css/style.css
server/public/js/views/votes.js	417		emptyStateHtml.className	className	vote-empty-state	empty-state-presentation	component-owner	empty-state-vote	components/empty-state.md#11-permanente-varianten-und-befristete-ausnahmen	public/css/domains.css
server/public/js/views/votes.js	421		emptyStateHtml.className	className	empty-state-compact	empty-state-presentation	component-owner	empty-state-compact	components/empty-state.md#11-permanente-varianten-und-befristete-ausnahmen	public/css/style.css
server/public/js/views/votes.js	421		emptyStateHtml.className	className	vote-empty-state	empty-state-presentation	component-owner	empty-state-vote	components/empty-state.md#11-permanente-varianten-und-befristete-ausnahmen	public/css/domains.css
server/public/js/views/votes.js	437	button.btn.btn-sm		class	btn	markup-class	component-owner	button	components/controls.md#tokens-und-einzeilige-controls	public/css/style.css
server/public/js/views/votes.js	437	button.btn.btn-sm		class	btn-sm	modifier	component-owner	button-small	components/controls.md#tokens-und-einzeilige-controls	public/css/style.css
server/public/js/views/votes.js	554	button.btn.btn-primary.btn-block		class	btn	markup-class	component-owner	button	components/controls.md#tokens-und-einzeilige-controls	public/css/style.css
server/public/js/views/votes.js	554	button.btn.btn-primary.btn-block		class	btn-block	modifier	component-owner	button-width	components/controls.md#tokens-und-einzeilige-controls	public/css/style.css
server/public/js/views/votes.js	554	button.btn.btn-primary.btn-block		class	btn-primary	modifier	component-owner	button-meaning	components/controls.md#tokens-und-einzeilige-controls	public/css/style.css
server/public/js/views/votes.js	557	button.btn.btn-danger.btn-block		class	btn	markup-class	component-owner	button	components/controls.md#tokens-und-einzeilige-controls	public/css/style.css
server/public/js/views/votes.js	557	button.btn.btn-danger.btn-block		class	btn-block	modifier	component-owner	button-width	components/controls.md#tokens-und-einzeilige-controls	public/css/style.css
server/public/js/views/votes.js	557	button.btn.btn-danger.btn-block		class	btn-danger	modifier	component-owner	button-meaning	components/controls.md#tokens-und-einzeilige-controls	public/css/style.css
server/public/js/views/votes.js	558	button.btn.btn-block		class	btn	markup-class	component-owner	button	components/controls.md#tokens-und-einzeilige-controls	public/css/style.css
server/public/js/views/votes.js	558	button.btn.btn-block		class	btn-block	modifier	component-owner	button-width	components/controls.md#tokens-und-einzeilige-controls	public/css/style.css
server/public/js/views/votes.js	591	textarea.vote-info-input		class	vote-info-input	markup-class	component-owner	vote-fields	components/controls.md#tokens-und-einzeilige-controls	public/css/domains.css
server/public/js/views/votes.js	595	button.icon-btn.selection-toolbar-icon		class	icon-btn	markup-class	component-owner	icon-button	components/controls.md#tokens-und-einzeilige-controls	public/css/style.css
server/public/js/views/votes.js	595	button.icon-btn.selection-toolbar-icon		class	selection-toolbar-icon	markup-class	component-owner	selection-icons	components/controls.md#tokens-und-einzeilige-controls	public/css/style.css
server/public/js/views/votes.js	596	button.icon-btn.selection-toolbar-icon.selection-toolbar-icon--clear		class	icon-btn	markup-class	component-owner	icon-button	components/controls.md#tokens-und-einzeilige-controls	public/css/style.css
server/public/js/views/votes.js	596	button.icon-btn.selection-toolbar-icon.selection-toolbar-icon--clear		class	selection-toolbar-icon	markup-class	component-owner	selection-icons	components/controls.md#tokens-und-einzeilige-controls	public/css/style.css
server/public/js/views/votes.js	596	button.icon-btn.selection-toolbar-icon.selection-toolbar-icon--clear		class	selection-toolbar-icon--clear	markup-class	component-owner	selection-icons	components/controls.md#tokens-und-einzeilige-controls	public/css/style.css
server/public/js/views/votes.js	603	button.btn.btn-primary.btn-block		class	btn	markup-class	component-owner	button	components/controls.md#tokens-und-einzeilige-controls	public/css/style.css
server/public/js/views/votes.js	603	button.btn.btn-primary.btn-block		class	btn-block	modifier	component-owner	button-width	components/controls.md#tokens-und-einzeilige-controls	public/css/style.css
server/public/js/views/votes.js	603	button.btn.btn-primary.btn-block		class	btn-primary	modifier	component-owner	button-meaning	components/controls.md#tokens-und-einzeilige-controls	public/css/style.css
server/public/js/views/votes.js	635	summary.collapsible-section-header		class	collapsible-section-header	markup-class	component-owner	structural-disclosure	components/controls.md#strukturziele-mit-44-px	public/css/style.css
